Chr,SNP,bp,A1,A2,freq,b,se,p,n,bJ,bJ_se,pJ,z
1,1:1871885:G:C,1871885,C,G,0.0246178,-0.0526754,0.00760041,4.1976e-12,360596.2101,-0.05263013483,0.007600947402,4.385867731e-12,6.924154588433501
1,1:3797034:G:T,3797034,T,G,0.115704,0.0186158,0.00367995,4.22327e-07,361007.6917,0.0186494059,0.003680081535,4.027336946e-07,5.067661062025898
1,1:4713577:C:A,4713577,A,C,0.0988721,-0.0272012,0.0039495,5.69746e-12,359894.6954,-0.02706597765,0.003949785948,7.256146542e-12,6.852517581036268
1,1:6028484:T:G,6028484,G,T,0.540165,-0.0143458,0.00236723,1.36093e-09,359354.7219,-0.01430347256,0.002367362911,1.522689465e-09,6.041943334306128
1,1:13064563:A:T,13064563,T,A,0.50236,-0.0120482,0.00235479,3.11488e-07,360836.868,-0.01202141059,0.002354882523,3.309911902e-07,5.104887599524641
1,1:16720246:T:A,16720246,A,T,0.456209,0.0117012,0.00236642,7.6306e-07,360054.3843,0.0117036718,0.002366501304,7.592567296e-07,4.945558990488517
1,1:24788277:A:G,24788277,G,A,0.843064,-0.0225602,0.00323618,3.14712e-12,360969.2275,-0.0225219963,0.003236405754,3.428102706e-12,6.958953237604459
1,1:29351758:G:A,29351758,A,G,0.192765,-0.0178512,0.00298686,2.28106e-09,360309.8706,-0.01798287943,0.002987117846,1.74262025e-09,6.020143950490797
1,1:29420507:A:C,29420507,C,A,0.270202,0.0132546,0.00265554,5.9999e-07,359708.0131,0.01334651673,0.002655735641,5.020070341e-07,5.025544155808542
1,1:31445399:A:C,31445399,C,A,0.0254183,0.03746,0.00748223,5.54448e-07,360678.3453,0.03724289705,0.007482601147,6.448863665e-07,4.977266102835348
1,1:36088758:G:T,36088758,T,G,0.0534782,-0.0285957,0.00526791,5.6939e-08,356087.7998,-0.02834187116,0.005268198638,7.456736636e-08,5.3798030612527565
1,1:36912550:C:G,36912550,G,C,0.0726241,-0.0274374,0.00453934,1.5015e-09,360421.8372,-0.02744705357,0.004539673109,1.484475578e-09,6.046041842877546
1,1:40242262:G:C,40242262,C,G,0.0557119,-0.0264121,0.00513965,2.76493e-07,359936.3206,-0.02699928419,0.005141161032,1.507895389e-07,5.251592786522155
1,1:40665491:A:T,40665491,T,A,0.380968,0.0127299,0.00242716,1.56568e-07,360035.6636,0.012973193,0.002427880063,9.120699686e-08,5.343424165677165
1,1:46530433:T:C,46530433,C,T,0.239608,-0.0213539,0.0027577,9.70662e-15,360970.8103,-0.02143533819,0.002757932602,7.710484794e-15,7.772248739673878
1,1:53354043:C:G,53354043,G,C,0.381742,-0.0241673,0.00242652,2.30481e-23,359873.5945,-0.02426204035,0.00242687188,1.5669077669999998e-23,9.997248124198464
1,1:59113061:T:G,59113061,G,T,0.0992966,-0.0205344,0.00393875,1.85485e-07,360505.053,-0.02084045169,0.003939199466,1.219626274e-07,5.290529679920504
1,1:59771161:G:T,59771161,T,G,0.267625,-0.0201508,0.00266221,3.76418e-14,360050.318,-0.02039400762,0.002662614959,1.8681760990000002e-14,7.659390461645792
1,1:61615023:A:T,61615023,T,A,0.353489,-0.0155978,0.00246116,2.33691e-10,361324.4214,-0.01510947525,0.002462985688,8.536429896e-10,6.134617559336789
1,1:61741112:C:A,61741112,A,C,0.0136755,0.0534388,0.0101264,1.31282e-07,361635.0141,0.05025849089,0.01013595434,7.106258004e-07,4.958436986210812
1,1:62133551:A:G,62133551,G,A,0.49027,-0.0125348,0.0023572,1.05179e-07,360225.6573,-0.01251708692,0.002357915789,1.105076991e-07,5.308538573936324
1,1:62497419:T:C,62497419,C,T,0.0223674,-0.0434349,0.00796142,4.88203e-08,360885.175,-0.0441524574,0.007962411746,2.937676565e-08,5.545111055350842
1,1:72121349:A:C,72121349,C,A,0.182136,-0.02015,0.00315675,1.73693e-10,336951.5184,-0.02030873047,0.003157032028,1.252287914e-10,6.432855381218832
1,1:74999667:C:T,74999667,T,C,0.353582,0.0143314,0.00246259,5.90298e-09,360868.1388,0.01439024097,0.002462776314,5.123915162e-09,5.843097031669764
1,1:80014888:G:T,80014888,T,G,0.155126,-0.0220828,0.0032521,1.12054e-11,360842.179,-0.02205055833,0.00325234003,1.202544449e-11,6.779905583857417
1,1:83868492:C:T,83868492,T,C,0.114205,0.0205629,0.00369791,2.68932e-08,361583.7904,0.02037080228,0.003698172727,3.622279697e-08,5.50834257450301
1,1:84411486:A:T,84411486,T,A,0.0288604,-0.0358359,0.00702922,3.43186e-07,361199.8633,-0.0355765955,0.007029542418,4.170379074e-07,5.061011568676475
1,1:86260384:C:G,86260384,G,C,0.82055,-0.0158709,0.00307022,2.35069e-07,360377.2812,-0.01519306047,0.00307273622,7.635022517e-07,4.944472737721691
1,1:86530201:G:C,86530201,C,G,0.335212,0.0141381,0.00249358,1.43072e-08,360984.9495,0.01297019167,0.002497900491,2.075587862e-07,5.192437295533563
1,1:86884113:T:A,86884113,A,T,0.331828,-0.0160343,0.00250465,1.53752e-10,359610.3875,-0.01552932658,0.00250705493,5.856297713e-10,6.194250630160704
1,1:93513732:T:C,93513732,C,T,0.487136,0.0128971,0.0023562,4.41058e-08,360632.0218,0.01285522896,0.002356303887,4.878706729e-08,5.455675318843117
1,1:97617319:C:T,97617319,T,C,0.487683,0.0189281,0.00235639,9.56607e-16,360519.4202,0.01894833724,0.002356600676,8.944490200000001e-16,8.040537980393927
1,1:105138419:G:A,105138419,A,G,0.494924,-0.0226458,0.00235588,7.12495e-22,360465.9307,-0.02267103126,0.002356180894,6.460106062000001e-22,9.6219400291937
1,1:110696878:G:A,110696878,A,G,0.225621,-0.0148778,0.00281861,1.30382e-07,360363.2303,-0.01487598268,0.002818715055,1.309039824e-07,5.2775759130431155
12,12:42303689:T:A,42303689,A,T,0.61897,-0.0122478,0.00242707,4.5059e-07,360141.9225,-0.01229732487,0.002427189543,4.052238875e-07,5.066487248787557
12,12:44307258:G:C,44307258,C,G,0.621998,-0.0155182,0.0024317,1.75423e-10,359869.9158,-0.01558412641,0.002431866783,1.471533285e-10,6.40829774021384
12,12:49952870:C:A,49952870,A,C,0.222384,-0.0141495,0.00283248,5.87219e-07,360632.8466,-0.01426463137,0.00283260961,4.757029531e-07,5.035862096789257
12,12:52394657:A:G,52394657,G,A,0.461776,-0.0203473,0.0023631,7.308070000000001e-18,360453.9798,-0.02037349953,0.002363343969,6.659028262e-18,8.620623911389684
12,12:56507980:T:C,56507980,C,T,0.401672,-0.0242292,0.00240362,6.80116e-24,360273.8869,-0.0247015675,0.00240437411,9.268437313e-25,10.273595692643688
12,12:56803064:A:G,56803064,G,A,0.015812,-0.0720214,0.00943901,2.34994e-14,360836.0577,-0.07384622515,0.009441260011,5.2135670200000006e-15,7.8216493417151804
12,12:66125181:C:T,66125181,T,C,0.160989,0.0257949,0.00320832,9.01089e-16,359832.6246,0.02593874535,0.003208642439,6.266353286e-16,8.084024893120851
12,12:69951090:G:A,69951090,A,G,0.105758,0.0239178,0.00383579,4.51038e-10,359561.2373,0.02391852356,0.003835992627,4.509440943e-10,6.2352892421239785
12,12:72318129:C:G,72318129,G,C,0.164236,-0.0177156,0.00318147,2.57337e-08,360124.5149,-0.01750666606,0.003181730341,3.749812186e-08,5.502246948588908
12,12:73067585:A:C,73067585,C,A,0.48432,-0.0162965,0.00235793,4.80801e-12,360301.1767,-0.01562936732,0.002358769887,3.447487335e-11,6.626067004729402
12,12:75604887:C:G,75604887,G,C,0.0228336,0.0867326,0.00791931,6.5626400000000005e-28,357465.7742,0.08508604961,0.00792274889,6.643136803e-27,10.739460607844661
12,12:83137962:C:T,83137962,T,C,0.180217,-0.0165852,0.0030649,6.26041e-08,360524.8504,-0.01715129899,0.003066111956,2.221186401e-08,5.593826721309717
12,12:83206155:G:C,83206155,C,G,0.364723,0.0155803,0.00246495,2.6066e-10,355391.0172,0.01588130265,0.002465906537,1.191978326e-10,6.440350601982285
12,12:85344029:C:A,85344029,A,C,0.346702,-0.0207354,0.00251864,1.83517e-16,348187.6817,-0.02083338465,0.002518938076,1.331732112e-16,8.270701391390615
12,12:94717411:C:T,94717411,T,C,0.653756,-0.0207814,0.00247225,4.26213e-17,361601.4694,-0.02042565004,0.002473700677,1.492259873e-16,8.25712271088973
12,12:95209847:C:T,95209847,T,C,0.0527873,-0.0271376,0.00526799,2.5865e-07,360577.7745,-0.02592332306,0.005270772343,8.729199122e-07,4.918315831725916
12,12:99075884:A:T,99075884,T,A,0.149018,-0.0247793,0.00330377,6.38197e-14,361452.6859,-0.02472248331,0.003304063391,7.295062907000001e-14,7.482448241562809
12,12:101452234:T:A,101452234,A,T,0.27542,0.0153152,0.00263824,6.43824e-09,360202.4935,0.01533914047,0.002638389273,6.106028669e-09,5.813827636040423
12,12:104047429:C:G,104047429,G,C,0.256247,-0.0302573,0.00270028,3.8859300000000004e-29,359949.1713,-0.03030964639,0.00270075492,3.1564165400000003e-29,11.222657104332889
12,12:107411894:G:T,107411894,T,G,0.295458,0.0140847,0.00258355,4.99259e-08,360102.0016,0.01401220811,0.002583683081,5.8493509e-08,5.423346312496134
12,12:108911089:A:T,108911089,T,A,0.450236,-0.0127234,0.00237249,8.19458e-08,359118.4261,-0.01275664494,0.002372599069,7.588267757e-08,5.376654280394982
12,12:127663460:C:G,127663460,G,C,0.0112697,0.0566646,0.0111661,3.88336e-07,360141.7604,0.05696810009,0.01116664708,3.367408564e-07,5.101629851993137
12,12:127901045:T:C,127901045,C,T,0.480199,-0.0117797,0.00235721,5.81566e-07,360755.354,-0.01184475147,0.002357322806,5.043186635e-07,5.0246624857028594
2,2:97201902:T:A,97201902,A,T,0.320682,0.0260344,0.00324297,9.9409e-16,218286.8398,0.02597068363,0.003243457738,1.174469982e-15,8.00709789609104
2,2:105260626:G:T,105260626,T,G,0.728383,-0.0163723,0.00264798,6.29859e-10,360575.6114,-0.01632568014,0.002648132,7.049216355e-10,6.164979744212146
2,2:108418049:A:G,108418049,G,A,0.0572047,0.0271619,0.00506789,8.34546e-08,361119.1451,0.02724270771,0.005068113548,7.644883242e-08,5.3753151842366735
2,2:110526442:G:T,110526442,T,G,0.032143,-0.0501405,0.00668185,6.20439e-14,360105.3631,-0.05013115996,0.006682387794,6.285950263e-14,7.501983049384218
2,2:115402866:G:C,115402866,C,G,0.512158,0.0160319,0.00235769,1.04893e-11,360144.0441,0.01589449877,0.002359466121,1.622684674e-11,6.736481032100397
2,2:116683265:G:T,116683265,T,G,0.116146,-0.0216128,0.00367912,4.24629e-09,359976.5544,-0.01836863187,0.00370339222,7.05121463e-07,4.959947739480859
2,2:116812385:G:C,116812385,C,G,0.0873692,0.0269602,0.00417365,1.05109e-10,360124.5189,0.02530975674,0.004199162931,1.666864961e-09,6.0273338176884375
2,2:118826613:C:A,118826613,A,C,0.0609701,-0.0296516,0.00493227,1.83697e-09,359132.5999,-0.02971568121,0.004933066431,1.703954238e-09,6.0237747911244375
2,2:119087952:C:T,119087952,T,C,0.749488,-0.0166891,0.00271861,8.32105e-10,360459.1888,-0.01662487077,0.002719058636,9.704198911e-10,6.114200903904303
2,2:133672944:A:G,133672944,G,A,0.318735,0.0142087,0.00253143,1.99101e-08,359478.4051,0.0142221882,0.002531541965,1.93186926e-08,5.617994248813489
2,2:135228791:G:T,135228791,T,G,0.266371,-0.0143593,0.00266453,7.08805e-08,360536.2183,-0.01432726529,0.002664726708,7.589042071e-08,5.376635903031599
2,2:136422803:T:A,136422803,A,T,0.104975,0.0214695,0.003844,2.33593e-08,360299.065,0.02015745971,0.003849253856,1.634565159e-07,5.236718715908977
2,2:136989967:T:C,136989967,C,T,0.319093,-0.01619,0.00252708,1.49e-10,360492.3387,-0.01552629495,0.00253053611,8.485154066e-10,6.135575338618661
2,2:139486117:C:A,139486117,A,C,0.109669,-0.0245388,0.00377215,7.76642e-11,360017.9957,-0.02447338235,0.003772410351,8.729226585e-11,6.487465591730373
2,2:141545251:G:C,141545251,C,G,0.303326,-0.0134928,0.00256492,1.43727e-07,359805.878,-0.01342349193,0.002565042167,1.665604926e-07,5.233244155864981
2,2:147609848:G:T,147609848,T,G,0.674182,-0.0130873,0.00251087,1.86658e-07,361206.1975,-0.01347954437,0.002512734814,8.117761488e-08,5.364491427785025
2,2:148166450:T:C,148166450,C,T,0.262516,0.0145802,0.00267767,5.18061e-08,360354.8105,0.01514560511,0.002679642035,1.58499204e-08,5.65210013583027
2,2:151013796:T:G,151013796,G,T,0.163323,-0.0165478,0.00318986,2.13117e-07,359755.6581,-0.0164320025,0.003189998959,2.589635482e-07,5.1510996433525795
2,2:155612467:T:G,155612467,G,T,0.0315519,0.0446125,0.00672443,3.26293e-11,362011.9556,0.0449819244,0.006725259123,2.254630597e-11,6.688504275792795
2,2:156209012:T:A,156209012,A,T,0.168623,-0.017917,0.00314277,1.19197e-08,361251.328,-0.01813664609,0.003143113388,7.913965853e-09,5.770280562974078
2,2:167061063:C:T,167061063,T,C,0.359691,-0.0245019,0.00245713,2.04057e-23,359660.7488,-0.02452626487,0.002457469966,1.8592109589999998e-23,9.98029079066271
2,2:169227612:G:T,169227612,T,G,0.45964,0.0133639,0.00236139,1.52097e-08,361171.5889,0.01341763683,0.002361495738,1.332546515e-08,5.681838257884673
2,2:179187241:C:A,179187241,A,C,0.458592,0.016226,0.0023653,6.89634e-12,360087.6129,0.01627095431,0.002365455139,6.045534522e-12,6.8785723481860535
2,2:182709271:A:T,182709271,T,A,0.145878,0.0172312,0.00334492,2.58629e-07,358818.8495,0.01706502912,0.003345146609,3.37097841e-07,5.101429358607821
2,2:183636063:G:C,183636063,C,G,0.591,0.0183936,0.00239549,1.61411e-14,360593.6086,0.01829523549,0.002395764297,2.2321968220000002e-14,7.636492251307642
2,2:191603754:C:T,191603754,T,C,0.329826,0.0159963,0.00250499,1.70764e-10,360624.2932,0.01596421284,0.002505134265,1.858529518e-10,6.372597693880492
2,2:197174605:A:T,197174605,T,A,0.531086,-0.0162187,0.00243339,2.6494e-11,339195.6331,-0.01608561913,0.002433577148,3.846677581e-11,6.609866115491647
2,2:200272557:C:T,200272557,T,C,0.32273,0.0163158,0.00252238,9.91678e-11,359679.6125,0.01627423114,0.002522528202,1.107077623e-10,6.451555676204884
2,2:202354282:A:T,202354282,T,A,0.383719,-0.0196756,0.00242256,4.60614e-16,360385.9822,-0.01959150133,0.002422804618,6.150950906e-16,8.086290237539906
2,2:210551857:C:G,210551857,G,C,0.0141458,-0.0753079,0.00997311,4.32614e-14,360593.9621,-0.07514467551,0.009973895749,4.91583072e-14,7.534134845708021
2,2:217331727:C:A,217331727,A,C,0.340693,0.0191618,0.00248372,1.21314e-14,360961.4035,0.01915604881,0.002483922339,1.2384560530000001e-14,7.712015995521026
2,2:218022749:G:T,218022749,T,G,0.79919,0.0212733,0.00293882,4.53823e-13,360864.4767,0.02126830477,0.002939034123,4.604297462e-13,7.23649467134819
2,2:221741150:C:G,221741150,G,C,0.137058,-0.0224462,0.00342765,5.81601e-11,359963.0071,-0.02249184683,0.003427852673,5.327006044e-11,6.5614975250133805
2,2:232750413:T:A,232750413,A,T,0.491491,-0.016353,0.0023547,3.79482e-12,360948.4085,-0.01632335018,0.002354864862,4.156465161e-12,6.931756655512066
2,2:236090382:T:A,236090382,A,T,0.220544,0.0140726,0.00284152,7.33029e-07,360388.3138,0.01406102731,0.002841618413,7.488517882e-07,4.94824612821792
2,2:240855612:G:A,240855612,A,G,0.221307,-0.0170103,0.00283689,2.02285e-09,360660.7112,-0.01692887001,0.002837043671,2.41535195e-09,5.967081220160745
7,7:66268128:A:G,66268128,G,A,0.488177,0.0220016,0.00278266,2.65061e-15,258526.7948,0.02196595725,0.002782995679,2.952011138e-15,7.892918201688664
7,7:69694521:G:C,69694521,C,G,0.287135,0.0183004,0.00260017,1.95133e-12,361469.009,0.0182447119,0.002600350087,2.278986078e-12,7.016252154358475
7,7:76922565:T:C,76922565,C,T,0.295465,0.0226255,0.00258288,1.9642900000000003e-18,360178.6018,0.02260624438,0.002583155637,2.107103532e-18,8.751406247536142
7,7:79026354:C:G,79026354,G,C,0.22703,0.0163614,0.00281686,6.31368e-09,359261.1907,0.01641584077,0.002816992857,5.628600149e-09,5.827434290153757
7,7:85270439:G:A,85270439,A,G,0.0256666,-0.0392666,0.00744919,1.35565e-07,360495.6152,-0.04344166852,0.007506587197,7.159504981e-09,5.787139665460946
7,7:85471776:T:C,85471776,C,T,0.622208,-0.0120177,0.00243247,7.7949e-07,359678.6782,-0.0141432596,0.002451124135,7.921909042e-09,5.770111516608276
7,7:86943063:G:T,86943063,T,G,0.798446,-0.027358,0.00293648,1.2079199999999999e-20,360439.0682,-0.02727761738,0.002937600513,1.6067834840000003e-20,9.285679676077862
7,7:93463151:T:G,93463151,G,T,0.200003,-0.0180586,0.00294374,8.54774e-10,360793.2723,-0.01809025972,0.002943917681,7.998309992e-10,6.144961130113883
7,7:97332877:T:G,97332877,G,T,0.0566484,0.0335137,0.00509262,4.68455e-11,360937.1686,0.03353826318,0.005092920027,4.540536558e-11,6.585271907314008
7,7:108687285:C:G,108687285,G,C,0.3483,-0.0148589,0.00247461,1.92036e-09,359889.5768,-0.01461745417,0.002475287849,3.518875716e-09,5.905355280560745
7,7:109199867:G:C,109199867,C,G,0.231412,0.014245,0.00279396,3.42521e-07,360310.0048,0.01406814185,0.002794874445,4.814777338e-07,5.033550567957624
7,7:110116112:A:T,110116112,T,A,0.0290865,0.0364292,0.00701527,2.07223e-07,359943.3686,0.03691470466,0.007016013546,1.428904966e-07,5.261492786177126
7,7:123220351:T:C,123220351,C,T,0.0194442,-0.0488602,0.00852598,1.00067e-08,360941.6247,-0.04897610367,0.008526391406,9.243302097e-09,5.7440599824605325
7,7:127373163:C:A,127373163,A,C,0.280792,0.0138674,0.00262315,1.24729e-07,360004.8013,0.01394159039,0.002623287654,1.069218961e-07,5.314548851988002
7,7:129768977:G:T,129768977,T,G,0.653672,-0.0130303,0.00247283,1.36946e-07,361375.0092,-0.01319076947,0.002472972738,9.608689055e-08,5.333972860803935
7,7:130975914:C:A,130975914,A,C,0.316984,-0.0133809,0.00253215,1.26194e-07,360368.4546,-0.01349300918,0.00253226765,9.906573602e-08,5.328429315123937
7,7:136855217:G:C,136855217,C,G,0.297429,0.013418,0.0025738,1.85616e-07,361386.3201,0.01339349766,0.002573929393,1.955468237e-07,5.203521781298528
7,7:142669212:T:C,142669212,C,T,0.284167,-0.0153058,0.00267937,1.11437e-08,342559.0543,-0.01536147202,0.002679512978,9.870784007e-09,5.73293436013356
7,7:146240519:C:T,146240519,T,C,0.176317,-0.0151916,0.00309569,9.23613e-07,359442.2998,-0.01516386299,0.003095830975,9.674023152e-07,4.89815597571505
7,7:147910095:G:A,147910095,A,G,0.465707,0.0193676,0.00236344,2.52054e-16,359886.0854,0.01938125407,0.002363663548,2.41053771e-16,8.19966703230641
7,7:148347850:G:T,148347850,T,G,0.604999,0.0159151,0.00240892,3.93381e-11,360725.9123,0.01594396306,0.002409076509,3.633816247e-11,6.6182883774904635
7,7:152616410:A:C,152616410,C,A,0.56491,-0.0206142,0.00237719,4.275390000000001e-18,360122.8404,-0.02128216081,0.002378369455,3.612774326e-19,8.948214822242576
7,7:152772418:C:G,152772418,G,C,0.548072,0.0220297,0.00237103,1.53371e-20,359204.8377,0.02255658318,0.002372248528,1.933859942e-21,9.50852447109201
21,21:16284643:T:C,16284643,C,T,0.78268,0.0203365,0.00285309,1.02099e-12,361473.743,0.0203365,0.002853286554,1.022863286e-12,7.127394888357926
21,21:28150537:T:G,28150537,G,T,0.32138,0.0149881,0.00252565,2.95325e-09,359764.52,0.01504104688,0.002525774079,2.600326427e-09,5.955024641774385
21,21:37522489:G:T,37522489,T,G,0.687067,-0.0226093,0.00254145,5.804790000000001e-19,360365.9193,-0.02302693218,0.002542044283,1.32340664e-19,9.058430781081716
21,21:37794816:A:G,37794816,G,A,0.230997,-0.0282105,0.00279491,5.9440400000000005e-24,360628.4378,-0.02864025542,0.002795655459,1.2519536e-24,10.244558329889678
19,19:33266402:A:C,33266402,C,A,0.161404,-0.0262698,0.00319943,2.20503e-16,361254.1764,-0.02634885818,0.003199737817,1.8001887289999998e-16,8.234692867650038
19,19:39149026:G:C,39149026,C,G,0.268436,0.0223637,0.00265808,3.99526e-17,360737.9489,0.02242780868,0.002658348497,3.262969857e-17,8.43674510896906
19,19:50766831:A:G,50766831,G,A,0.652256,0.0170445,0.00247281,5.47961e-12,360902.45,0.01703306707,0.002472969522,5.670244943e-12,6.887697935001078
19,19:55782855:A:T,55782855,T,A,0.300322,0.0304121,0.00257136,2.8614700000000003e-32,360185.6941,0.03040517278,0.002571855893,2.994839573e-32,11.822269226964032
20,20:35056113:A:T,35056113,T,A,0.116889,0.0215933,0.00367313,4.1382e-09,359450.525,0.02146466096,0.003673323243,5.11490233e-09,5.843390178336124
20,20:38360016:C:T,38360016,T,C,0.462106,0.0252188,0.00236541,1.55507e-26,359877.0028,0.02521695092,0.002365787808,1.5827679230000002e-26,10.659007893576904
20,20:42511157:C:A,42511157,A,C,0.28219,0.0129824,0.0026171,7.03081e-07,360845.2831,0.01295916056,0.002617200938,7.363058811e-07,4.951534432011579
20,20:45917861:T:G,45917861,G,T,0.255605,-0.0140629,0.0027041,1.98786e-07,359825.1203,-0.01406646859,0.002704201167,1.974638339e-07,5.201709385254474
20,20:64096271:G:C,64096271,C,G,0.176822,-0.0279109,0.00308724,1.56354e-19,360805.5395,-0.0279109,0.003087585385,1.5707705780000002e-19,9.039717617396352
5,5:9690062:C:G,9690062,G,C,0.139087,0.0200133,0.00340582,4.20154e-09,360206.4982,0.02002859658,0.003405980167,4.092248099e-09,5.880420788721521
5,5:11915505:A:T,11915505,T,A,0.257638,-0.0138872,0.0026946,2.555e-07,360276.6219,-0.01385571824,0.002694700047,2.720598237e-07,5.141840649546698
5,5:16190112:T:G,16190112,G,T,0.196713,0.0172132,0.00296635,6.5264e-09,359826.4953,0.01715333284,0.002966498517,7.366422358e-09,5.78235004726955
5,5:22839172:C:T,22839172,T,C,0.219611,0.0266765,0.00284262,6.35666e-21,361221.5433,0.02692616802,0.002843638514,2.827686408e-21,9.468913818488252
5,5:23592225:A:G,23592225,G,A,0.111754,0.0185325,0.00374263,7.35832e-07,359834.3712,0.01929048647,0.003743619436,2.56492455e-07,5.152897296262461
5,5:28345889:T:G,28345889,G,T,0.0115583,-0.0554242,0.0110166,4.88251e-07,360837.5406,-0.05554706784,0.01101700939,4.608428961e-07,5.041937051485076
5,5:32432345:C:G,32432345,G,C,0.45539,-0.011614,0.00236532,9.10661e-07,360582.3084,-0.01158321877,0.002365412363,9.735386847e-07,4.896913092696134
5,5:39166846:T:A,39166846,A,T,0.566017,0.0155501,0.00238022,6.45155e-11,359496.2903,0.01545860265,0.002380374234,8.348131264e-11,6.494190043396344
5,5:42509866:T:G,42509866,G,T,0.357318,0.0231126,0.00247126,8.60309e-21,356687.5694,0.02284028826,0.002472507879,2.5185036660000003e-20,9.237700900365867
5,5:43206188:T:A,43206188,A,T,0.225096,0.0204627,0.00284995,6.98396e-13,353125.2936,0.01992779798,0.00285122824,2.764625363e-12,6.9891977430751036
5,5:45011548:A:T,45011548,T,A,0.157377,-0.0242484,0.00380833,1.9273e-10,260118.6095,-0.02489516859,0.003809062274,6.3281589e-11,6.535773583942198
17,17:344630:C:A,344630,A,C,0.269085,0.0184195,0.0026553,4.01548e-12,361056.5204,0.01783215463,0.00265614923,1.899631547e-11,6.71353643409561
17,17:824293:A:G,824293,G,A,0.293557,-0.0265554,0.0025908,1.19389e-24,359627.1163,-0.02618359377,0.002591835078,5.394064059e-24,10.102337911949505
17,17:4986208:A:G,4986208,G,A,0.0799759,-0.0259525,0.00433976,2.23123e-09,361313.2387,-0.0261054191,0.004339978806,1.79772469e-09,6.015102899560104
17,17:11449839:G:C,11449839,C,G,0.753899,-0.0272431,0.0027363,2.3862800000000002e-23,360365.5071,-0.02728434313,0.002736705547,2.0669305889999998e-23,9.969776675429818
17,17:12887682:C:A,12887682,A,C,0.639905,-0.0150103,0.00245573,9.8258e-10,360311.2071,-0.0150188704,0.002455893676,9.629091344e-10,6.115439991059287
17,17:14913662:G:T,14913662,T,G,0.157403,0.0163987,0.00323844,4.11234e-07,359982.2357,0.01632465427,0.003238608199,4.639803677e-07,5.0406388383258705
17,17:17557629:C:T,17557629,T,C,0.243557,-0.0186,0.00274654,1.27055e-11,360257.194,-0.01861950855,0.00274675414,1.212356762e-11,6.778731404769995
17,17:20501722:T:G,20501722,G,T,0.161938,-0.0184377,0.0034057,6.17442e-08,318081.9848,-0.0185583977,0.003405879252,5.067374543e-08,5.448930019789204
17,17:22130298:A:T,22130298,T,A,0.209918,0.0185276,0.00289223,1.49594e-10,360894.0683,0.01852095995,0.002892423649,1.520872098e-10,6.403266670981364
13,13:23856635:G:C,23856635,C,G,0.759674,0.015674,0.00275553,1.28495e-08,360947.8504,0.01576549875,0.002755684107,1.058468863e-08,5.721083454359814
13,13:24718261:T:G,24718261,G,T,0.108022,-0.026652,0.00379807,2.26691e-12,359973.0678,-0.02591860371,0.00379926228,8.977567247e-12,6.822009590240767
13,13:24809979:T:C,24809979,C,T,0.0575307,0.0313564,0.00506257,5.88046e-10,360053.0348,0.03052166166,0.005063982505,1.668191563e-09,6.027205194698832
13,13:25206663:T:C,25206663,C,T,0.30578,-0.0191211,0.00255972,8.03658e-14,359718.8659,-0.01890285242,0.002560064027,1.539014773e-13,7.383742055135718
13,13:29478054:T:G,29478054,G,T,0.032641,0.0349688,0.00663326,1.35216e-07,360149.6649,0.03518764799,0.006633579975,1.129987678e-07,5.304473319476337
13,13:38995996:T:A,38995996,A,T,0.541053,-0.0147725,0.00236517,4.21969e-10,360203.2264,-0.01487131668,0.002365331737,3.232402142e-10,6.287201261190366
13,13:39925572:C:A,39925572,A,C,0.399119,0.011671,0.00240833,1.25975e-06,359724.8855,0.01179903192,0.002408441672,9.631014389e-07,4.899031625790604
13,13:41019559:T:G,41019559,G,T,0.505339,-0.0300957,0.00235775,2.6346299999999997e-37,359947.4992,-0.0301385367,0.002358285809,2.124814515e-37,12.779849068752123
13,13:49819623:T:G,49819623,G,T,0.677348,-0.0150093,0.00251983,2.57978e-09,360570.5626,-0.01502845796,0.002519983092,2.46568452e-09,5.963713807330577
13,13:53071817:G:T,53071817,T,G,0.131641,0.019867,0.003501,1.39068e-08,357114.7974,0.01960386322,0.003501331311,2.156240421e-08,5.598974069780625
13,13:53975982:G:T,53975982,T,G,0.157866,0.0159174,0.00322726,8.13552e-07,361372.2035,0.01581322548,0.003227514872,9.60783711e-07,4.899505070351849
13,13:61304368:G:T,61304368,T,G,0.791462,-0.0162007,0.00289888,2.29041e-08,360751.6707,-0.01606642277,0.002899045211,2.990868596e-08,5.541970407718488
13,13:64872397:C:A,64872397,A,C,0.0484101,-0.0344047,0.00548132,3.46182e-10,361508.2812,-0.03442714279,0.005481831447,3.380802595e-10,6.2802264394394465
13,13:66449027:C:G,66449027,G,C,0.393461,-0.0141864,0.00241101,4.00773e-09,360679.5889,-0.0144121917,0.002411206239,2.270460183e-09,5.977170872773277
13,13:69278213:C:G,69278213,G,C,0.114128,0.037614,0.0037037,3.1462200000000003e-24,360713.7944,0.03774970678,0.00370427525,2.178550461e-24,10.190848204382222
13,13:75648280:T:C,75648280,C,T,0.366714,0.0153248,0.00244259,3.5228e-10,361115.2521,0.01544666151,0.002442740983,2.557117234e-10,6.323495457561576
13,13:78075786:A:G,78075786,G,A,0.183005,-0.0159843,0.00304436,1.51791e-07,361088.9287,-0.01604419652,0.003044475985,1.364706197e-07,5.269936960924985
13,13:88049046:G:C,88049046,C,G,0.0377508,-0.045494,0.00618505,1.90642e-13,360044.5955,-0.04780506232,0.006199988559,1.253177499e-14,7.7105081509554445
13,13:88690537:A:T,88690537,T,A,0.253536,0.0131275,0.00272991,1.51921e-06,354771.1127,0.01462556024,0.002736404742,9.051252884e-08,5.344808834569692
13,13:96409021:G:C,96409021,C,G,0.120296,-0.0194507,0.00361992,7.73784e-08,360828.846,-0.01957797022,0.003620093436,6.36828243e-08,5.4081394765414
13,13:99433942:T:A,99433942,A,T,0.170017,0.0159448,0.0031387,3.77485e-07,359939.4116,0.01611343897,0.003138850516,2.843308666e-07,5.133547739168603
13,13:104734793:A:G,104734793,G,A,0.561954,-0.0180641,0.00237504,2.83822e-14,360321.0523,-0.01803667723,0.00237524461,3.111178822e-14,7.5936083189343595
13,13:106687232:T:C,106687232,C,T,0.0609978,-0.0567572,0.00491899,8.55579e-31,360934.8949,-0.0566165688,0.004919915401,1.207505538e-30,11.507630555698656
13,13:108355362:A:C,108355362,C,A,0.658815,0.0133279,0.00248502,8.17624e-08,360473.9281,0.01333935331,0.002485140963,7.977157526e-08,5.367644535502351
11,11:2834933:T:G,2834933,G,T,0.813981,-0.0151961,0.00302716,5.17215e-07,360619.8423,-0.0151623814,0.003027265056,5.482535059e-07,5.008607148537706
11,11:7607810:G:C,7607810,C,G,0.0661214,0.0347838,0.00473566,2.06075e-13,361296.6631,0.03474778905,0.004736012464,2.185498294e-13,7.336929392422308
11,11:19277845:A:G,19277845,G,A,0.247818,0.0142082,0.00272511,1.85096e-07,361464.5989,0.0142082,0.002725208699,1.851915812e-07,5.213619054281464
11,11:33398263:T:C,33398263,C,T,0.22257,0.0157989,0.00283397,2.47922e-08,360052.963,0.01575696981,0.002834098816,2.701127937e-08,5.559781374256783
11,11:36891297:C:G,36891297,G,C,0.206653,0.0177534,0.00291037,1.06154e-09,360309.8501,0.01784445368,0.002910564514,8.736941225e-10,6.130925321932239
11,11:37983761:A:G,37983761,G,A,0.185993,0.021598,0.00302928,1.0075e-12,360128.4409,0.02182083831,0.003029554112,5.905050489e-13,7.202656728780028
11,11:41521093:C:A,41521093,A,C,0.712,0.0178862,0.00259981,6.003e-12,361002.0358,0.01794914583,0.002600024952,5.075403472e-12,6.903451375031265
11,11:43837913:T:A,43837913,A,T,0.299527,0.0214905,0.00256665,5.63711e-17,361974.1056,0.02145835768,0.002566907281,6.292303837999999e-17,8.359615416899821
18,18:710867:G:A,710867,A,G,0.327395,0.0170422,0.00252268,1.42467e-11,357393.7602,0.01721460442,0.002522875493,8.890676554e-12,6.823406255189305
18,18:5402833:T:C,5402833,C,T,0.773708,0.0345141,0.00282782,2.9615000000000003e-34,357625.2747,0.03456290933,0.002828464932,2.440721091e-34,12.219670443487049
18,18:6288137:G:T,6288137,T,G,0.47608,-0.013605,0.00235958,8.12993e-09,360665.4275,-0.01350734521,0.002359700144,1.039353284e-08,5.724178660727327
10,10:3240542:G:T,3240542,T,G,0.736524,0.0192691,0.00267968,6.45239e-13,359208.6591,0.0192691,0.002679869133,6.464258003e-13,7.190313796565528
10,10:14936766:G:C,14936766,C,G,0.189694,0.0204838,0.00300407,9.20263e-12,360848.1128,0.02038218,0.003004285893,1.165960702e-11,6.78436764207114
10,10:20510457:T:C,20510457,C,T,0.107952,0.0235636,0.00379613,5.39668e-10,360707.9221,0.02340142925,0.003796391504,7.087424064e-10,6.164124333684633
10,10:22196148:C:T,22196148,T,C,0.377091,0.0121436,0.00243282,5.99257e-07,360066.2053,0.01227747147,0.00243292201,4.502376876e-07,5.046389246977958
10,10:23947589:A:C,23947589,C,A,0.152298,0.0286947,0.0032775,2.04869e-18,360901.0122,0.02854385216,0.003277880581,3.0922667499999998e-18,8.708020763615488
10,10:24496924:C:T,24496924,T,C,0.309573,-0.0177004,0.00254735,3.69656e-12,360900.0629,-0.01772040359,0.002547532268,3.502949982e-12,6.95590937653238
10,10:30194533:A:T,30194533,T,A,0.216916,0.0209916,0.00285931,2.1165e-13,360425.7216,0.02098229863,0.00285955142,2.174271696e-13,7.337618929755073
10,10:31059960:C:T,31059960,T,C,0.785942,-0.0164393,0.00287925,1.13346e-08,358907.8753,-0.0163743517,0.002879405491,1.295080792e-08,5.6867126742587715
10,10:35946748:T:C,35946748,C,T,0.296082,0.0199584,0.00258248,1.09188e-14,360099.9842,0.0198233611,0.002582735446,1.6498623410000002e-14,7.675335517116684
10,10:37014708:C:A,37014708,A,C,0.339085,0.0167079,0.00260333,1.38337e-10,329561.4032,0.01653596977,0.002603542941,2.134562283e-10,6.351333603757911
3,3:100074970:C:T,100074970,T,C,0.0926219,0.0253444,0.00406435,4.50024e-10,360395.4707,0.02546349684,0.004064614579,3.735993562e-10,6.264676845760041
3,3:105118388:T:C,105118388,C,T,0.513649,0.0123091,0.00235946,1.82033e-07,359779.1661,0.0123190262,0.002359602685,1.781467591e-07,5.220805298414042
3,3:105673831:G:T,105673831,T,G,0.0767363,-0.0287801,0.0044234,7.71082e-11,360927.8379,-0.02868813202,0.004423692146,8.866682585e-11,6.485110417536727
3,3:112612107:A:T,112612107,T,A,0.920823,-0.0253208,0.00436214,6.45405e-09,360657.847,-0.02542540962,0.004362357911,5.597339908e-09,5.828363957915511
3,3:113838381:G:T,113838381,T,G,0.614831,-0.014762,0.0024188,1.04182e-09,361125.838,-0.01475081212,0.002418926814,1.073492195e-09,6.098081196432593
3,3:120318240:T:C,120318240,C,T,0.271858,-0.0166216,0.00264647,3.3752e-10,360886.5852,-0.0166833726,0.002646622665,2.90723931e-10,6.3036460847356945
3,3:123317477:T:A,123317477,A,T,0.0490163,-0.0409449,0.0054554,6.13875e-14,360641.5251,-0.04093952095,0.005455842134,6.199623291e-14,7.503795004417553
3,3:130125329:T:A,130125329,A,T,0.0279794,-0.0474709,0.00713923,2.94896e-11,360944.6002,-0.04744830372,0.007139679218,3.017398997e-11,6.645719264302106
3,3:134898177:C:G,134898177,G,C,0.368477,-0.0317138,0.00243924,1.2238399999999999e-38,361242.265,-0.03173020614,0.002439808514,1.1429430989999999e-38,13.005203464914215
3,3:145458230:G:T,145458230,T,G,0.11155,0.0227424,0.00373523,1.13995e-09,361850.0182,0.02270218329,0.003735421646,1.220384495e-09,6.077542361063889
3,3:147557299:A:C,147557299,C,A,0.0436818,0.0362847,0.00576114,3.01514e-10,360863.3828,0.03622474101,0.005761457096,3.227706642e-10,6.287427018271074
3,3:170303361:T:A,170303361,A,T,0.105332,0.0209551,0.00383236,4.5561e-08,361509.4106,0.02149709791,0.003833417956,2.048971158e-08,5.607814790023903
3,3:170606013:A:G,170606013,G,A,0.645614,0.0124628,0.00246438,4.25746e-07,360092.9915,0.01279793065,0.002465064957,2.083585495e-07,5.191721465050222
3,3:175532801:A:C,175532801,C,A,0.23118,0.0150978,0.00279781,6.80723e-08,359636.5557,0.0151728079,0.00279795789,5.866771655e-08,5.422814958805545
3,3:179532638:T:C,179532638,C,T,0.41448,-0.0309737,0.00239181,2.39929e-38,360254.6309,-0.03131943878,0.00239270471,3.778171297e-39,13.089554531783406
3,3:180131437:C:T,180131437,T,C,0.117987,-0.0198616,0.00365395,5.46281e-08,360114.3133,-0.0205239081,0.003654687186,1.956809424e-08,5.615776961328148
3,3:182796848:T:C,182796848,C,T,0.0721344,0.0242413,0.00455103,1.00157e-07,360935.2723,0.02447667371,0.004551362171,7.536856154e-08,5.377878707600656
3,3:184786667:A:C,184786667,C,A,0.574809,0.0174824,0.00238365,2.23343e-13,360290.5964,0.01653344395,0.002388541214,4.453617185e-12,6.921983951163256
3,3:185069807:A:C,185069807,C,A,0.052371,-0.0363842,0.00528022,5.56272e-12,361593.0595,-0.03432323065,0.00529107691,8.756072129e-11,6.487002784845174
3,3:187854083:A:T,187854083,T,A,0.635387,0.015128,0.00244704,6.33033e-10,360671.4192,0.01512399023,0.002447178652,6.403093136e-10,6.180174143657085
16,16:4449758:G:T,4449758,T,G,0.14597,0.019621,0.00334191,4.33067e-09,359490.4309,0.01965548684,0.003342070059,4.072257671e-09,5.881231240820018
16,16:10278865:T:C,10278865,C,T,0.51,0.0148509,0.00236017,3.13161e-10,359546.0826,0.01486516042,0.002360300118,3.01518525e-10,6.297995880539121
16,16:18770186:A:T,18770186,T,A,0.408889,0.0175013,0.00239364,2.64558e-13,361408.8913,0.01750679644,0.002393815252,2.605731392e-13,7.313344847883858
16,16:25251190:A:C,25251190,C,A,0.278262,0.0138559,0.00262685,1.33044e-07,361175.0393,0.01387134197,0.002626948999,1.289020354e-07,5.280400181077136
16,16:34162730:A:G,34162730,G,A,0.0824274,0.0264719,0.00436663,1.34308e-09,347059.9031,0.02646585489,0.004366855054,1.355967203e-09,6.060621331078419
17,17:29003181:G:T,29003181,T,G,0.441601,0.0139924,0.0023801,4.13365e-09,358300.9704,0.0139924,0.002380211468,4.136575351e-09,5.87863733458829
17,17:41863132:G:C,41863132,C,G,0.0957019,-0.0232079,0.00400502,6.85019e-09,360556.189,-0.02324084482,0.00400527659,6.531126786e-09,5.802556776734363
17,17:49080321:G:C,49080321,C,G,0.313607,0.013522,0.00253935,1.01026e-07,360592.8273,0.01353704758,0.002539492818,9.788304817e-08,5.330610696769452
17,17:49933597:C:G,49933597,G,C,0.165435,-0.0242934,0.00317083,1.84213e-14,360537.7746,-0.02437820531,0.003171134241,1.49996878e-14,7.687534950369199
17,17:52115343:A:G,52115343,G,A,0.0582633,0.0357509,0.00502969,1.17972e-12,360567.9277,0.03602017445,0.00503010029,8.013407452e-13,7.160925701940626
17,17:55398437:G:T,55398437,T,G,0.566446,0.0553231,0.00237922,1.6402e-119,359526.9136,0.05534284293,0.00238101353,1.659003519e-119,23.24339707973016
17,17:59854449:T:C,59854449,C,T,0.617476,0.0168068,0.0024785,1.19512e-11,344937.5722,0.01671327407,0.002478684683,1.553634447e-11,6.742799592311032
17,17:61971761:A:T,61971761,T,A,0.247511,-0.0167895,0.00273441,8.2561e-10,359407.7832,-0.01666794107,0.002734708653,1.094645143e-09,6.09496044549942
17,17:63861937:T:A,63861937,A,T,0.152744,-0.0388186,0.0033719,1.15702e-30,340061.616,-0.03876914673,0.00337274875,1.4006936240000001e-30,11.494822058713979
17,17:67414149:C:A,67414149,A,C,0.185106,0.023529,0.00303081,8.29979e-15,361196.4345,0.02349434527,0.003031072617,9.105297766e-15,7.751165425146923
17,17:69771193:G:C,69771193,C,G,0.571842,-0.0145502,0.00238122,9.94646e-10,360521.2139,-0.01461122664,0.002381364488,8.480998967e-10,6.135653199511388
17,17:72890778:C:T,72890778,T,C,0.281138,-0.0142764,0.00261774,4.93638e-08,361410.7919,-0.01428629576,0.002617853378,4.835492628e-08,5.457255887613733
17,17:79417973:A:T,79417973,T,A,0.254778,0.0149064,0.00270581,3.61029e-08,360061.0682,0.01490790649,0.002705922435,3.601364115e-08,5.509362093004709
1,1:145609750:A:T,145609750,T,A,0.172372,0.0168751,0.00311686,6.16196e-08,360962.7205,0.01734399617,0.003118327323,2.667691295e-08,5.56195497569323
1,1:145716735:T:G,145716735,G,T,0.54884,-0.0117401,0.00236744,7.08933e-07,360470.8689,-0.01212699264,0.002368539135,3.054862292e-07,5.1200305119720975
1,1:157130515:C:T,157130515,T,C,0.0356961,0.0311032,0.00635534,9.88339e-07,359826.3215,0.03118321331,0.006355579716,9.274859845e-07,4.906430995035293
1,1:161005019:T:A,161005019,A,T,0.755106,0.0134274,0.0027408,9.63357e-07,360134.2346,0.01345977021,0.002740903846,9.074952902e-07,4.910704995960664
1,1:162291861:T:G,162291861,G,T,0.10418,-0.0192279,0.00385593,6.14828e-07,360529.4647,-0.01913200379,0.003856070564,6.994062541e-07,4.961528445204044
1,1:171038575:A:T,171038575,T,A,0.505999,-0.01252,0.00235696,1.08535e-07,360261.7732,-0.01258767149,0.002357106871,9.278993002e-08,5.340305798124332
1,1:171913722:C:T,171913722,T,C,0.454531,-0.0137944,0.00236851,5.74781e-09,359674.0671,-0.01386792985,0.002368672337,4.777942442e-09,5.854726984975972
1,1:184686810:G:T,184686810,T,G,0.622319,-0.0157745,0.00243398,9.12645e-11,359261.8728,-0.01604177784,0.002434243752,4.396908827e-11,6.590045810662925
1,1:185388079:G:C,185388079,C,G,0.137534,0.0384741,0.00341905,2.2673200000000002e-29,360677.207,0.03872272184,0.003419821879,1.009303056e-29,11.32302301408839
1,1:190718945:G:T,190718945,T,G,0.0659105,-0.0254312,0.00475023,8.62394e-08,360103.3562,-0.02537550931,0.00475045199,9.207681986e-08,5.341704192236242
1,1:197695238:C:G,197695238,G,C,0.109411,-0.0324755,0.00382018,1.88633e-17,351753.925,-0.03256052332,0.003820579153,1.562736625e-17,8.52240511610204
1,1:198098181:T:C,198098181,C,T,0.197153,0.0159258,0.00295953,7.40416e-08,360842.4164,0.01592690613,0.00295967628,7.394981069e-08,5.381300055558779
1,1:202870329:T:G,202870329,G,T,0.736141,-0.0140942,0.00267366,1.35397e-07,360292.5942,-0.01411766146,0.002673767498,1.291393119e-07,5.280063233082206
1,1:204183684:G:T,204183684,T,G,0.206644,-0.0175292,0.00290964,1.69777e-09,360430.0134,-0.0176138785,0.00290979657,1.419061336e-09,6.05330237914192
1,1:206355908:T:A,206355908,A,T,0.106693,0.0370999,0.00380983,2.09022e-22,361553.3192,0.03741490137,0.003810494683,9.334810483e-23,9.81890921851209
1,1:206972835:C:T,206972835,T,C,0.0245984,0.0467623,0.00760674,7.88022e-10,360330.5566,0.04720644914,0.007607382194,5.457621484e-10,6.20534737655643
1,1:215407633:A:G,215407633,G,A,0.69215,-0.0203618,0.00255053,1.42829e-15,360875.2995,-0.02028966166,0.002550769874,1.80105581e-15,7.954328560491694
1,1:220548908:A:T,220548908,T,A,0.0487736,-0.0474556,0.00546419,3.80826e-18,361096.3559,-0.04738730537,0.005464777592,4.268167802e-18,8.671406031120323
1,1:221720669:T:G,221720669,G,T,0.733468,0.0131993,0.002664,7.24809e-07,360583.267,0.01308802545,0.002664115633,8.98264448e-07,4.912709226236503
1,1:223268132:G:A,223268132,A,G,0.543754,0.013417,0.00236686,1.43995e-08,359955.3759,0.01339747876,0.002366975554,1.512250755e-08,5.66016777712779
1,1:225970606:T:C,225970606,C,T,0.42171,0.0137122,0.00238512,8.98152e-09,360590.4744,0.01368388906,0.00238524155,9.642591131e-09,5.73689866336598
1,1:230911102:C:G,230911102,G,C,0.207804,0.0222718,0.00290213,1.66749e-14,360780.4051,0.02222684264,0.002902384747,1.886583812e-14,7.6581310120839055
1,1:233112457:C:G,233112457,G,C,0.613817,-0.0136578,0.0024194,1.652e-08,360535.7242,-0.01358763757,0.002419534864,1.956484683e-08,5.615805654288765
1,1:234167207:A:C,234167207,C,A,0.630772,0.0142001,0.00244206,6.07498e-09,360175.0658,0.01415861084,0.002442199066,6.731706409e-09,5.797484339878132
1,1:240217967:A:T,240217967,T,A,0.212733,-0.0201543,0.00287505,2.38621e-12,361349.3935,-0.02008758872,0.002875252287,2.820808689e-12,6.98637431255089
1,1:243040414:C:A,243040414,A,C,0.0216016,-0.0427835,0.00809935,1.2762e-07,360826.5906,-0.04286429127,0.008099678695,1.209212363e-07,5.2920977342546305
18,18:22400671:A:G,22400671,G,A,0.312867,0.0139131,0.00254104,4.36927e-08,360563.0587,0.01390752617,0.002541143954,4.426321976e-08,5.472939125746199
18,18:27176637:A:T,27176637,T,A,0.0856974,0.0343423,0.00420959,3.41371e-16,360432.1482,0.03429317176,0.004209985552,3.7717362949999995e-16,8.14567445337399
18,18:30479566:T:C,30479566,C,T,0.100137,0.027755,0.00392548,1.54704e-12,360432.6825,0.02773681872,0.003925779611,1.60267003e-12,7.06530204657482
18,18:32784633:A:G,32784633,G,A,0.261825,0.0297377,0.00267876,1.24941e-28,360790.0297,0.02975554066,0.002679231796,1.173006877e-28,11.105997138591736
18,18:34787225:C:T,34787225,T,C,0.176188,0.016611,0.00309754,8.20656e-08,359391.559,0.01662285021,0.003097695985,8.041363435e-08,5.366198068013444
18,18:36417410:A:T,36417410,T,A,0.231206,0.019547,0.00279827,2.84536e-12,359578.4526,0.01955608344,0.002798484452,2.786378577e-12,6.988097942092837
18,18:45022242:C:A,45022242,A,C,0.0624282,0.0241043,0.00487049,7.46093e-07,360479.6366,0.02404914195,0.004870671212,7.911351534e-07,4.937541645338223
18,18:51496965:A:T,51496965,T,A,0.100666,-0.0281109,0.00391556,7.02098e-13,360568.0467,-0.02818352476,0.003915842509,6.141291815e-13,7.1973080365781374
18,18:55465795:A:G,55465795,G,A,0.0397666,0.0317425,0.00602559,1.38032e-07,361004.899,0.03176497971,0.006025815655,1.353264454e-07,5.271482157547019
18,18:59901176:C:A,59901176,A,C,0.0712686,-0.0263301,0.00458335,9.21462e-09,359953.739,-0.0265838305,0.004583624454,6.641778221e-09,5.799740089265176
18,18:61955440:C:G,61955440,G,C,0.0519659,-0.0377367,0.00531216,1.21572e-12,359994.0514,-0.0378994294,0.005312550676,9.75343089e-13,7.133942189241528
18,18:66196453:C:G,66196453,G,C,0.0999403,-0.0278554,0.00392577,1.29098e-12,361009.5342,-0.02776602712,0.003926169713,1.526729932e-12,7.072039455671895
18,18:66413463:T:C,66413463,C,T,0.0900441,-0.0276639,0.00411318,1.75038e-11,361040.113,-0.02761061603,0.004113592896,1.919169561e-11,6.7120438818455215
18,18:68030681:A:C,68030681,C,A,0.762047,0.0193933,0.00276406,2.28289e-12,361254.9875,0.01943084022,0.002764263627,2.075712241e-12,7.02930068977824
18,18:71223895:C:A,71223895,A,C,0.24708,-0.0139286,0.00273845,3.65252e-07,358767.8663,-0.01392158598,0.002738548579,3.704183949e-07,5.083563639058601
18,18:75385599:G:T,75385599,T,G,0.375726,0.0143045,0.00243287,4.11424e-09,360508.0427,0.01435667281,0.002433002997,3.61735336e-09,5.90080358622756
18,18:77344368:T:A,77344368,A,T,0.240369,-0.0156434,0.00275407,1.34711e-08,361385.7686,-0.01565789578,0.002754198961,1.30736342e-08,5.685099733795158
7,7:10318571:A:G,10318571,G,A,0.0735731,0.0253721,0.00451276,1.88561e-08,360539.217,0.0253721,0.004512951566,1.886899429e-08,5.622063438737114
7,7:23213723:C:A,23213723,A,C,0.138368,-0.0172069,0.00341318,4.62596e-07,360328.6341,-0.01714603235,0.003413346557,5.080905246e-07,5.02323220442922
7,7:23576031:T:G,23576031,G,T,0.0402619,0.0296712,0.00598945,7.27727e-07,361039.6193,0.02974280629,0.005989677786,6.846175604e-07,4.965677178748994
7,7:30662435:T:C,30662435,C,T,0.0711673,0.0253288,0.0045778,3.15088e-08,361274.1228,0.02524863525,0.004578025647,3.484232681e-08,5.5151799480515225
7,7:32583045:A:C,32583045,C,A,0.442748,0.014198,0.00237255,2.17588e-09,360348.8366,0.01417480097,0.002372677741,2.31252119e-09,5.974178762272967
7,7:36681569:G:A,36681569,A,G,0.0298454,0.0383151,0.00692089,3.09409e-08,360849.5285,0.03838460265,0.006921212902,2.923860454e-08,5.545935834296923
7,7:38664641:T:G,38664641,G,T,0.509437,0.0137215,0.00235578,5.73008e-09,360835.8731,0.01366939192,0.002355895246,6.54476877e-09,5.802207013749371
7,7:43394867:A:G,43394867,G,A,0.133281,0.0177338,0.00346753,3.15137e-07,360318.6449,0.01779967621,0.003467675625,2.851174131e-07,5.133028038053588
7,7:49715864:C:T,49715864,T,C,0.0572685,0.0269168,0.00507109,1.10964e-07,360466.4648,0.02674830076,0.005071326554,1.331773764e-07,5.274418926720924
7,7:52110801:A:T,52110801,T,A,0.71351,0.0156047,0.00260788,2.18364e-09,359979.1458,0.01545106421,0.002608080523,3.13621108e-09,5.924304895397587
7,7:53526604:T:G,53526604,G,T,0.367789,0.0202062,0.00244732,1.50557e-16,359319.3364,0.02011542673,0.002447594419,2.061541066e-16,8.218447702711485
2,2:466247:T:C,466247,C,T,0.221011,-0.0156814,0.00283865,3.31158e-08,360571.1592,-0.01564717829,0.002838773252,3.548782775e-08,5.511950726947317
2,2:1710949:T:C,1710949,C,T,0.146831,-0.0189378,0.00332408,1.21924e-08,361378.1471,-0.01883298288,0.003324243396,1.467297359e-08,5.665344150991284
2,2:4885422:A:C,4885422,C,A,0.132409,-0.0267636,0.00348206,1.51994e-14,359103.9419,-0.02671555784,0.003482352525,1.69733853e-14,7.671698269548401
2,2:26448160:A:T,26448160,T,A,0.393764,-0.0139583,0.00241281,7.25384e-09,359941.8109,-0.01392492921,0.002412924419,7.88136436e-09,5.77097612355839
2,2:32145391:C:T,32145391,T,C,0.360872,0.00865159,0.0024563,0.000428021,359482.5565,0.0132896828,0.002520472847,1.344353934e-07,5.272694294571784
2,2:32346309:A:T,32346309,T,A,0.454333,0.0171464,0.00236642,4.31022e-13,360286.2986,0.01998909551,0.002428377,1.8494059779999998e-16,8.231463034775903
2,2:38554183:T:C,38554183,C,T,0.0986196,-0.0210042,0.00394843,1.04046e-07,360946.114,-0.02095188004,0.003948587848,1.119522975e-07,5.306170420043292
2,2:43826188:T:A,43826188,A,T,0.121969,-0.0234891,0.00360156,6.94931e-11,360084.7545,-0.0234138603,0.003601772765,7.997426638e-11,6.500648938079245
2,2:47809883:C:A,47809883,A,C,0.229564,-0.0158269,0.00280287,1.63709e-08,360007.8164,-0.0158339328,0.002803017715,1.614891312e-08,5.6488878808245415
2,2:53320467:G:C,53320467,C,G,0.433755,0.0235806,0.00237818,3.5923200000000004e-23,360030.8838,0.02356525802,0.00237852466,3.8614793029999997e-23,9.907510490137193
2,2:56186406:G:C,56186406,C,G,0.473715,-0.0120695,0.00235957,3.13715e-07,360380.483,-0.01216979364,0.002359696577,2.504622715e-07,5.157355296701776
2,2:57861626:C:A,57861626,A,C,0.946747,0.0412783,0.00524762,3.66903e-15,360262.6969,0.04113875367,0.005248083819,4.548211436e-15,7.838814144138196
2,2:69937252:A:C,69937252,C,A,0.516181,-0.0128629,0.00235699,4.83657e-08,360545.7375,-0.01292047052,0.002357146553,4.219657219e-08,5.481403141249657
2,2:71466314:A:T,71466314,T,A,0.862856,0.0169746,0.00342496,7.1943e-07,360363.5931,0.01705216911,0.00342518294,6.408901069e-07,4.978469590882641
2,2:72671791:T:C,72671791,C,T,0.306775,0.0195489,0.00255673,2.07751e-14,359800.8447,0.01953494074,0.002556966148,2.174069782e-14,7.639890248558737
2,2:79724245:A:T,79724245,T,A,0.0563334,0.0258361,0.00510498,4.17359e-07,361071.4971,0.02638693005,0.00510535746,2.36007486e-07,5.168478457529984
2,2:80075465:G:A,80075465,A,G,0.073161,0.0392734,0.00452451,3.96888e-18,360312.0691,0.03955226453,0.004525149569,2.319925932e-18,8.740543031098206
2,2:82996938:C:A,82996938,A,C,0.0992272,-0.0205278,0.00393476,1.81908e-07,361477.6538,-0.02086344868,0.003934982485,1.145134848e-07,5.302043594737881
2,2:86369926:A:T,86369926,T,A,0.253973,-0.0237315,0.00270603,1.7965500000000003e-18,360492.8854,-0.02380104428,0.002706372999,1.437587553e-18,8.79444344471159
2,2:88084825:T:A,88084825,A,T,0.179944,0.016125,0.00306485,1.43132e-07,360880.9952,0.01619445512,0.003065006999,1.266281145e-07,5.2836600781935115
2,2:91603781:G:A,91603781,A,G,0.116746,0.0213583,0.0040066,9.78529e-08,302187.4689,0.02133325952,0.004006839012,1.013917188e-07,5.32421179291443
20,20:3677703:A:C,3677703,C,A,0.0398901,-0.0479707,0.00605119,2.24249e-15,357068.2047,-0.04835165058,0.006051898809,1.354862109e-15,7.989500833704374
20,20:3728793:A:T,3728793,T,A,0.484558,0.0176476,0.00236149,7.8525e-14,359525.7531,0.01778321239,0.002361742286,5.085678468e-14,7.5297006347457165
20,20:4688034:G:C,4688034,C,G,0.541014,0.0118123,0.00236133,5.66539e-07,361696.1525,0.01181285,0.002361410356,5.660467868e-07,5.002455405510215
20,20:21129825:T:A,21129825,A,T,0.105264,-0.0234359,0.00384439,1.08776e-09,359766.5119,-0.02335997002,0.003844610718,1.231943805e-09,6.076029989364452
20,20:22778551:A:C,22778551,C,A,0.332606,-0.0131301,0.00250382,1.57199e-07,359868.2079,-0.01307254739,0.002503930102,1.781406704e-07,5.220811627113063
9,9:72087805:G:C,72087805,C,G,0.0820722,-0.0259726,0.00433483,2.07968e-09,353485.0201,-0.02675870442,0.004336182576,6.784737151e-10,6.171028076194179
9,9:73516296:C:T,73516296,T,C,0.181624,0.0159965,0.00307909,2.04616e-07,355107.5912,0.01745393678,0.003081063951,1.471054038e-08,5.664905713604255
9,9:73615551:G:A,73615551,A,G,0.232623,-0.0238357,0.00278894,1.27372e-17,360359.5537,-0.02468275787,0.002790382396,9.099360285000001e-19,8.845654239140348
9,9:74638056:A:G,74638056,G,A,0.0274647,0.0571188,0.00720819,2.30334e-15,360541.7128,0.05852440871,0.007210836968,4.811100916999999e-16,8.116174165317782
9,9:80325987:G:T,80325987,T,G,0.0133924,0.0548239,0.0102398,8.60756e-08,361196.5123,0.05419589213,0.01024032129,1.207204696e-07,5.292401536553743
9,9:86726690:G:T,86726690,T,G,0.0146744,-0.0695918,0.00978691,1.15664e-12,361303.1509,-0.06926223105,0.009787622667,1.478277632e-12,7.076512183446232
9,9:87759795:C:G,87759795,G,C,0.0958365,0.0505984,0.00400024,1.15584e-36,360762.3926,0.05042894092,0.0040011726,2.018749945e-36,12.603540502101808
9,9:99970682:T:G,99970682,G,T,0.576743,-0.0120949,0.0023843,3.92356e-07,360599.0375,-0.01210402515,0.00238438247,3.846989352e-07,5.076377343941805
9,9:109779510:T:G,109779510,G,T,0.128787,-0.0174756,0.0035192,6.8456e-07,360122.1426,-0.01752086266,0.003519320322,6.408586312e-07,4.978479097362483
9,9:113284999:T:C,113284999,C,T,0.257703,-0.0152822,0.00269545,1.43223e-08,360052.0792,-0.01525625296,0.002695574131,1.516011142e-08,5.659741568428043
9,9:115062307:A:C,115062307,C,A,0.0377452,-0.0311498,0.00618229,4.69299e-07,360481.2542,-0.03104015466,0.006182512541,5.150025466e-07,5.020637557005159
9,9:121571937:G:C,121571937,C,G,0.0787661,0.043729,0.00437317,1.54443e-23,360530.0181,0.04363668585,0.004373786999,1.9244988400000002e-23,9.976865782439077
9,9:128454975:A:C,128454975,C,A,0.196178,-0.0186826,0.00296814,3.08951e-10,360194.5293,-0.01863768439,0.002968309803,3.41003425e-10,6.278887861086243
9,9:137834058:A:G,137834058,G,A,0.156992,-0.0176721,0.00323997,4.91736e-08,360194.2441,-0.01761751561,0.003240110966,5.40883721e-08,5.4373185964520445
8,8:4261392:T:G,4261392,G,T,0.429531,0.0388561,0.00238249,8.94516e-60,359673.7523,0.03876248903,0.002383379706,1.787201445e-59,16.26366496803594
8,8:10444505:T:G,10444505,G,T,0.740163,-0.0135354,0.00268515,4.6375e-07,361012.7094,-0.01344370752,0.002685261048,5.543422721e-07,5.006480666009349
8,8:12360382:C:A,12360382,A,C,0.448323,0.0308626,0.00236769,7.91027e-39,360901.3739,0.03087484144,0.002368281512,7.555030881e-39,13.036812255451158
8,8:15617640:A:T,15617640,T,A,0.597278,0.0149375,0.00239991,4.84506e-10,361326.804,0.01500798286,0.002400093651,4.02430222e-10,6.253082188583315
8,8:17728147:C:A,17728147,A,C,0.313311,-0.014109,0.00254047,2.79915e-08,360510.1516,-0.01400521996,0.002540607589,3.536767388e-08,5.512547479051083
8,8:28593402:T:A,28593402,A,T,0.488385,0.0143796,0.00236318,1.16723e-09,358735.6367,0.01442161371,0.002363312562,1.045607961e-09,6.102287924960473
8,8:30059929:G:A,30059929,A,G,0.0117983,-0.0562585,0.010916,2.55421e-07,360325.029,-0.05657222214,0.01091646445,2.191847976e-07,5.182284282527023
8,8:39996756:T:C,39996756,C,T,0.138202,0.0171151,0.00341532,5.40921e-07,360334.3376,0.01724984887,0.00341545397,4.405885219e-07,5.050528867177209
8,8:43147033:C:A,43147033,A,C,0.470521,0.0127607,0.00264463,1.39957e-06,287293.6653,0.01860312597,0.002718560056,7.754776454e-12,6.843007175413306
8,8:43217263:A:C,43217263,C,A,0.13858,0.0273988,0.00347721,3.29524e-15,346787.5368,0.0331037875,0.003574599386,2.028330703e-20,9.260838467564152
6,6:68898883:A:T,68898883,T,A,0.105,0.025022,0.00384514,7.65454e-11,360045.2435,0.0267907448,0.003857372801,3.775643393e-12,6.945334605214892
6,6:69123731:G:T,69123731,T,G,0.122444,0.0186432,0.00359444,2.14186e-07,360360.8115,0.02050712085,0.003605888526,1.291996527e-08,5.687120026627246
6,6:72297377:T:A,72297377,A,T,0.544316,0.0134713,0.00236426,1.21407e-08,360828.1204,0.01331357919,0.002364423059,1.793818714e-08,5.630794006733632
6,6:75675098:G:A,75675098,A,G,0.0131455,-0.075492,0.0103561,3.11556e-13,359548.8612,-0.07416636411,0.01035811649,8.054931987e-13,7.160217224975426
6,6:76984837:A:T,76984837,T,A,0.45928,0.0250415,0.00236491,3.38943e-26,360106.0345,0.02343504964,0.002375493026,5.883397288999999e-23,9.865341376927283
6,6:77612101:G:A,77612101,A,G,0.151028,0.0202347,0.00329302,8.01923e-10,359798.7544,0.01694297762,0.003307024302,3.00185912e-07,5.123330242766387
6,6:78333598:C:G,78333598,G,C,0.0928147,0.0447869,0.00406258,2.94975e-28,359899.7536,0.04437971731,0.004063540565,9.104009711000001e-28,10.921440699337523
6,6:83938564:A:C,83938564,C,A,0.225166,0.0159325,0.00282386,1.68122e-08,359590.7849,0.01619007818,0.002824195366,9.888289739e-09,5.732633929971543
6,6:85323345:C:G,85323345,G,C,0.813748,-0.0162239,0.00302663,8.30965e-08,360330.1705,-0.01639350804,0.003026989055,6.102195393e-08,5.4157804148386655
6,6:94451354:T:A,94451354,A,T,0.225346,-0.0153131,0.00282161,5.73203e-08,359962.8455,-0.01533885532,0.002821728527,5.44965567e-08,5.435978398782372
6,6:101130679:T:G,101130679,G,T,0.480355,-0.0141248,0.00236165,2.22105e-09,359336.5846,-0.01411761932,0.002361764512,2.264867181e-09,5.977572805531257
6,6:108253649:C:A,108253649,A,C,0.773326,0.0162228,0.0028145,8.22042e-09,360278.1534,0.01620426481,0.002814626852,8.553944287e-09,5.757162729576631
6,6:113491928:C:G,113491928,G,C,0.0439718,-0.0413052,0.00573778,6.08558e-13,361451.3108,-0.04121672243,0.005738200965,6.826554035e-13,7.182864922542844
6,6:118673267:A:T,118673267,T,A,0.034976,0.0404326,0.00641699,2.96328e-10,359936.5283,0.04045434261,0.006417373823,2.902887456e-10,6.303878147944382
6,6:121177825:A:T,121177825,T,A,0.205767,0.021843,0.00291422,6.62833e-14,360419.9229,0.0219017388,0.002914453504,5.696757321000001e-14,7.51486986151624
6,6:139674449:A:T,139674449,T,A,0.338271,-0.0141485,0.00249533,1.42903e-08,358926.065,-0.01411151375,0.002495442378,1.559237033e-08,5.654914685431379
6,6:145246556:A:C,145246556,C,A,0.561092,-0.0182067,0.00237207,1.65234e-14,361003.4538,-0.01816549294,0.002372265093,1.896663735e-14,7.657446460600935
6,6:148573559:A:C,148573559,C,A,0.3166,-0.0190197,0.00253219,5.87425e-14,360577.3068,-0.01893996609,0.002532395525,7.484979444000001e-14,7.479071062566343
6,6:155042674:G:A,155042674,A,G,0.662491,-0.0126156,0.00248894,4.00822e-07,361176.6887,-0.01258376619,0.002489027629,4.288247154e-07,5.055695663392735
6,6:162181429:A:G,162181429,G,A,0.62729,-0.0150879,0.00243268,5.57515e-10,361567.3589,-0.0151325845,0.002432814196,4.965298378e-10,6.220197384938312
6,6:164161454:T:G,164161454,G,T,0.107633,-0.0242804,0.00379855,1.63919e-10,360969.9118,-0.02432893009,0.003798772898,1.509439042e-10,6.4044181485049645
5,5:53363643:T:G,53363643,G,T,0.94587,-0.0263428,0.00520759,4.22714e-07,360262.9747,-0.02628618369,0.005207806715,4.477280403e-07,5.047457620554184
5,5:55701063:G:C,55701063,C,G,0.373631,0.0137912,0.00244129,1.61379e-08,358626.9994,0.01384009464,0.002441413769,1.437295365e-08,5.668885305610808
5,5:60951084:A:G,60951084,G,A,0.401562,0.0235446,0.00295171,1.50832e-15,238868.7441,0.02329101124,0.002952230525,3.039035715e-15,7.88929287288634
5,5:62535908:C:A,62535908,A,C,0.391781,0.0121738,0.00241427,4.59868e-07,360153.6628,0.01209950765,0.002414464238,5.407484134e-07,5.011259831300098
5,5:62908555:A:G,62908555,G,A,0.443267,0.0271064,0.00237009,2.76834e-30,360739.7809,0.02700151856,0.002370641182,4.6918160120000006e-30,11.389964354377778
5,5:64206859:A:G,64206859,G,A,0.412982,0.0117498,0.00239069,8.8897e-07,361023.4341,0.0120273756,0.002390875354,4.8912007e-07,5.030532260863315
5,5:71934812:C:A,71934812,A,C,0.447229,0.0166488,0.00236639,1.98887e-12,361315.1544,0.01654569743,0.002366581154,2.721713822e-12,6.991392372931911
5,5:74392121:G:A,74392121,A,G,0.145749,0.0222565,0.00333416,2.47094e-11,361389.9085,0.02217950353,0.003334401826,2.896896608e-11,6.651718865151556
5,5:76060214:C:A,76060214,A,C,0.661357,0.0139375,0.00248878,2.14352e-08,360582.5271,0.01385724639,0.002488969454,2.584743149e-08,5.567463420545457
5,5:76743731:A:G,76743731,G,A,0.391869,0.012483,0.0024144,2.33933e-07,360084.8001,0.01243001361,0.002414542484,2.633081916e-07,5.147978837551073
5,5:78122784:C:T,78122784,T,C,0.565111,0.0227514,0.00237386,9.37873e-22,361127.5982,0.02277962809,0.002374199764,8.419815306e-22,9.594655190943739
5,5:84503270:G:C,84503270,C,G,0.597625,0.0165866,0.00240246,5.06297e-12,360382.7612,0.01651927485,0.002402668711,6.182222323e-12,6.875386013215537
5,5:85722395:T:G,85722395,G,T,0.409394,0.0122468,0.00239383,3.1229e-07,361024.0205,0.01189244615,0.002394393512,6.807075752e-07,4.966788495875276
5,5:86987292:T:G,86987292,G,T,0.168357,-0.0189699,0.00314458,1.61534e-09,361290.354,-0.01986035021,0.003152939772,2.995826626e-10,6.298994476955077
5,5:87206039:T:A,87206039,A,T,0.346953,-0.0122642,0.00247495,7.22381e-07,360425.8999,-0.01337868416,0.00248116109,6.963657917e-08,5.3921062255574865
5,5:91802070:T:G,91802070,G,T,0.839733,-0.026723,0.0032099,8.45042e-17,360696.3486,-0.02680748464,0.003210224436,6.788402682999999e-17,8.350657461633004
5,5:106778829:T:C,106778829,C,T,0.241146,0.0211985,0.00274897,1.24705e-14,361696.1049,0.02134991601,0.002749239327,8.116101007e-15,7.765753894295286
5,5:107554182:C:G,107554182,G,C,0.270866,0.0137717,0.00265166,2.06352e-07,360216.403,0.01382475129,0.002651812684,1.854893083e-07,5.213321202290471
5,5:109498938:T:A,109498938,A,T,0.103561,0.0375941,0.00386154,2.14128e-22,361278.0245,0.03679860161,0.003863914787,1.6718859919999999e-21,9.523657647370369
5,5:109957333:A:C,109957333,C,A,0.333512,-0.0166061,0.00250027,3.10531e-11,359966.9994,-0.01594946173,0.002501630648,1.822169504e-10,6.375626131200164
5,5:120118598:G:A,120118598,A,G,0.144688,-0.0216927,0.00334425,8.79329e-11,361400.2183,-0.02162810018,0.003344463188,1.000751229e-10,6.466837565323503
5,5:127557031:C:T,127557031,T,C,0.0797303,0.0236387,0.00439803,7.66949e-08,352454.4992,0.02392182618,0.004398313472,5.362154507e-08,5.438863403504134
5,5:129474779:T:G,129474779,G,T,0.0233566,-0.0448833,0.00780114,8.7523e-09,360322.8811,-0.04235233494,0.007806819381,5.794041928e-08,5.425043525802048
5,5:129921064:C:A,129921064,A,C,0.700473,-0.0249397,0.00257404,3.38115e-22,359767.7736,-0.02444489566,0.002576177317,2.3365311159999998e-21,9.488824972834742
5,5:134596006:T:G,134596006,G,T,0.0493368,-0.0295742,0.00544479,5.58694e-08,359747.6635,-0.02948933586,0.005445015547,6.100145415e-08,5.415840525239183
5,5:136202904:T:C,136202904,C,T,0.561683,0.0160198,0.00237464,1.51975e-11,360299.3813,0.01582275572,0.002374872923,2.690811387e-11,6.662569422877707
5,5:137234398:G:C,137234398,C,G,0.242743,0.0172085,0.00274662,3.72438e-10,360710.7577,0.01712126861,0.002746880933,4.57628989e-10,6.232985348695491
5,5:141200454:C:T,141200454,T,C,0.494001,0.0125228,0.00244574,3.05271e-07,334550.3779,0.01256325031,0.002445877074,2.799006973e-07,5.1365011118297925
5,5:148446628:T:C,148446628,C,T,0.770138,0.0121535,0.00279766,1.39852e-05,361031.6029,0.01395207248,0.002806920994,6.674713088e-07,4.970596789087965
5,5:148478431:G:T,148478431,T,G,0.450685,-0.0152373,0.00236997,1.28329e-10,359718.9883,-0.01545661145,0.002381770424,8.609476359e-11,6.489547142852588
5,5:148719576:T:C,148719576,C,T,0.610998,0.013557,0.00241525,1.98925e-08,360777.7887,0.01277914793,0.002419941273,1.286436473e-07,5.280767790764483
5,5:151638913:A:C,151638913,C,A,0.0292114,-0.0727245,0.00698025,2.05612e-25,361946.4312,-0.07285453249,0.006981297648,1.704037108e-25,10.435672014481627
5,5:156191769:G:C,156191769,C,G,0.319107,0.0134499,0.00252569,1.00876e-07,360897.6945,0.01343484699,0.0025257971,1.043091243e-07,5.319052345891126
5,5:161046355:C:T,161046355,T,C,0.214129,-0.0183393,0.00287285,1.73134e-10,360156.8954,-0.0183281204,0.002873023967,1.778028049e-10,6.379383050931576
5,5:163927676:A:C,163927676,C,A,0.0934252,0.0237561,0.00404928,4.44817e-09,360187.5771,0.02369584917,0.004049532153,4.871507641e-09,5.851502908168168
5,5:167681174:G:C,167681174,C,G,0.0703765,0.0289097,0.00459957,3.2755e-10,361390.577,0.02898476947,0.004599847424,2.952626315e-10,6.301245845410024
5,5:169697895:T:G,169697895,G,T,0.130785,0.026339,0.00348978,4.44868e-14,361279.901,0.02869286959,0.003518431539,3.4913029059999997e-16,8.155017163743086
5,5:169764274:T:A,169764274,A,T,0.55603,0.0104141,0.00237203,1.13188e-05,360145.57,0.01288902163,0.00239137433,7.053740735e-08,5.389796765945882
5,5:171120953:T:C,171120953,C,T,0.242902,0.0149042,0.00274564,5.6923e-08,360817.5722,0.01493479927,0.002745779353,5.352513844e-08,5.4391840530385105
5,5:175059003:T:A,175059003,A,T,0.114468,-0.02006,0.00369884,5.85373e-08,360693.7891,-0.02013757904,0.0036989976,5.207854484e-08,5.444063829616975
16,16:47403535:C:T,47403535,T,C,0.259956,-0.0177465,0.00269186,4.32591e-11,359057.1938,-0.01772327443,0.002692077456,4.595206887e-11,6.583493498858675
16,16:49920565:G:C,49920565,C,G,0.374174,-0.0120999,0.00245297,8.11241e-07,355252.4742,-0.01223648132,0.002453145315,6.09828011e-07,4.988078466114022
16,16:50260445:C:T,50260445,T,C,0.0927134,-0.0237874,0.00410518,6.8584e-09,353090.3403,-0.02384878751,0.004105464436,6.28338709e-09,5.809035221660851
16,16:55895822:A:G,55895822,G,A,0.284386,-0.0196103,0.00261134,5.94017e-14,360658.9652,-0.01960483577,0.002611554298,6.051583415e-14,7.506960810661268
16,16:57051159:C:G,57051159,G,C,0.247992,0.0149125,0.00272841,4.61575e-08,360548.0419,0.01475604921,0.002728591039,6.375473951e-08,5.407937283048447
16,16:58863971:T:C,58863971,C,T,0.233421,-0.0168324,0.00278396,1.48449e-09,360920.6308,-0.01670716696,0.002784115097,1.962395499e-09,6.000889466819338
16,16:65408482:T:A,65408482,A,T,0.22329,0.0210914,0.00283012,9.18254e-14,360307.839,0.02115258117,0.002830364107,7.811985748e-14,7.47344877561366
16,16:66923145:C:T,66923145,T,C,0.161494,-0.0442839,0.00338581,4.41682e-39,322300.13,-0.04415167599,0.003386732948,7.570420976e-39,13.036657057968894
16,16:77236880:A:C,77236880,C,A,0.0243819,-0.0446808,0.0076337,4.8293e-09,361093.5619,-0.04447176331,0.00763412282,5.697846009e-09,5.82539269521472
16,16:80215912:T:G,80215912,G,T,0.503167,-0.0134424,0.00235574,1.15595e-08,360796.2625,-0.01337806495,0.002355865002,1.357848032e-08,5.678621202251724
16,16:81104701:G:T,81104701,T,G,0.152252,0.0160986,0.00328054,9.23752e-07,360353.7483,0.01606225527,0.003280675216,9.779654147e-07,4.896021157981035
16,16:82791719:G:A,82791719,A,G,0.5808,0.0198275,0.00239066,1.10118e-16,359676.4167,0.02050316034,0.002392261876,1.0293203389999999e-17,8.570617015509384
16,16:82894792:C:T,82894792,T,C,0.366915,-0.0198261,0.00244144,4.65109e-16,361476.1875,-0.02044820353,0.002443056774,5.765460564e-17,8.369925638903716
16,16:85266862:G:C,85266862,C,G,0.638583,0.0147353,0.00245009,1.8098e-09,361280.9271,0.01459975303,0.002450240528,2.545669231e-09,5.958497895680877
16,16:85830991:G:A,85830991,A,G,0.423334,0.0189011,0.00238466,2.2676e-15,360530.8393,0.01893804852,0.002384880055,2.00750336e-15,7.940880917803642
11,11:59959541:T:C,59959541,C,T,0.507736,0.0155585,0.00236041,4.36129e-11,359367.2372,0.01557986567,0.002360551582,4.108932484e-11,6.600095413632016
11,11:63786277:C:T,63786277,T,C,0.22483,-0.0187642,0.00282403,3.04744e-11,360046.6938,-0.01878955876,0.002824201829,2.870786841e-11,6.653050984905371
11,11:77362388:T:C,77362388,C,T,0.675851,0.0153792,0.00251701,9.96774e-10,360571.5124,0.01539667252,0.002517145505,9.552139685e-10,6.11671931138522
11,11:79734878:C:A,79734878,A,C,0.345823,-0.0151917,0.00247575,8.46086e-10,360905.8122,-0.01539150211,0.002476063669,5.096072692e-10,6.2161172601091135
11,11:80078274:A:C,80078274,C,A,0.114634,0.019211,0.00369982,2.07704e-07,360223.4022,0.01952469987,0.003700211687,1.315711171e-07,5.276644019745241
11,11:85997186:C:G,85997186,G,C,0.0205111,0.0443826,0.00833336,1.00519e-07,358706.141,0.04421946966,0.008333870494,1.120604358e-07,5.305994338625248
11,11:87606360:G:C,87606360,C,G,0.170488,-0.0176525,0.00314969,2.08994e-08,356706.9444,-0.01771584042,0.00314989284,1.862966095e-08,5.624267656038737
11,11:94706456:T:G,94706456,G,T,0.0184356,-0.0825129,0.00875839,4.4927599999999995e-21,360471.016,-0.08217590069,0.008759676774,6.525287047e-21,9.381156726457084
11,11:95295870:C:G,95295870,G,C,0.567265,-0.0119284,0.00237497,5.10144e-07,361449.2479,-0.0117777406,0.002375130546,7.093866546e-07,4.958776105942936
11,11:97651340:C:G,97651340,G,C,0.0821721,-0.0291591,0.00428668,1.03156e-11,361092.5141,-0.02904234105,0.004286987838,1.248086508e-11,6.774533109837108
11,11:100381374:C:T,100381374,T,C,0.111617,0.0195997,0.00373693,1.56482e-07,361416.8008,0.01935068521,0.003737195412,2.244421488e-07,5.177862829400262
11,11:101941593:T:A,101941593,A,T,0.0381157,0.0306397,0.00615129,6.32777e-07,360755.4465,0.03012279181,0.006151765538,9.750446817e-07,4.896609213067184
11,11:112479770:C:A,112479770,A,C,0.267104,0.0144736,0.00266391,5.53804e-08,360250.4074,0.01449343229,0.002664016564,5.314801705e-08,5.440443759192783
11,11:119613617:T:G,119613617,G,T,0.276007,-0.0144038,0.00263589,4.64548e-08,360459.8525,-0.01444909028,0.002635999268,4.218611084e-08,5.48144700015903
11,11:121006244:G:C,121006244,C,G,0.0260065,-0.0457502,0.00739649,6.20155e-10,361132.5045,-0.04591356651,0.007396926415,5.396640553e-10,6.2071141355270605
11,11:123161343:A:T,123161343,T,A,0.83115,0.0188391,0.00315308,2.30552e-09,358680.8872,0.01884604635,0.003153320857,2.278831022e-09,5.976571114913347
11,11:123353711:C:A,123353711,A,C,0.121586,-0.0231674,0.00360846,1.36163e-10,359853.3514,-0.02331898874,0.003608771016,1.034965949e-10,6.4617534990754315
11,11:130573554:G:C,130573554,C,G,0.0099864,0.0605246,0.0118673,3.39644e-07,359431.8186,0.0597257267,0.01186803864,4.841624438e-07,5.032485022310309
11,11:131230494:G:T,131230494,T,G,0.623889,-0.012367,0.0024351,3.80297e-07,359677.9384,-0.01229349399,0.002435216637,4.459601471e-07,5.048213700258159
9,9:2279234:C:G,2279234,G,C,0.401953,-0.0148041,0.00240533,7.53016e-10,359952.3699,-0.01484717582,0.002405458802,6.731028501e-10,6.172284392339388
9,9:10304635:G:C,10304635,C,G,0.690686,-0.0211507,0.00254696,1.00753e-16,361196.2829,-0.02117493391,0.002547206893,9.331159142e-17,8.313001181094087
9,9:14978944:A:G,14978944,G,A,0.576172,-0.0146061,0.00238751,9.50163e-10,359644.3826,-0.01461543398,0.002387645285,9.282938841e-10,6.121275246293546
9,9:17359963:A:C,17359963,C,A,0.290453,-0.0129781,0.00259531,5.71823e-07,360649.2529,-0.01298227719,0.002595403235,5.673062714e-07,5.002027051106762
9,9:24130861:C:A,24130861,A,C,0.705172,-0.0200522,0.00259972,1.22982e-14,356255.2075,-0.02006560097,0.002599949929,1.1845922970000002e-14,7.7176874624342044
9,9:29788180:G:A,29788180,A,G,0.385677,0.0232077,0.00242046,9.02585e-22,360598.2549,0.02317255665,0.002420769448,1.04459315e-21,9.572393054259994
4,4:56567822:A:T,56567822,T,A,0.598092,-0.0145034,0.00240299,1.58587e-09,360342.0549,-0.014520482,0.00240311027,1.51866467e-09,6.042370248785961
4,4:64309279:T:G,64309279,G,T,0.0826979,0.0227124,0.00428316,1.14155e-07,359408.2034,0.02278999859,0.004283326875,1.034083757e-07,5.320630261261581
4,4:70667421:A:G,70667421,G,A,0.341194,-0.0301814,0.00248382,5.73754e-34,360562.4062,-0.03017487543,0.002484332175,6.018910702e-34,12.146071179068477
4,4:75999223:A:C,75999223,C,A,0.641376,0.0223148,0.00245337,9.456349999999999e-20,361226.6744,0.02232081751,0.002453664348,9.291957316000001e-20,9.096931912546989
4,4:80366811:C:T,80366811,T,C,0.696246,-0.0198704,0.00256101,8.5951e-15,360560.0888,-0.01998443952,0.002561235422,6.061751367e-15,7.802656229232801
4,4:94141226:C:G,94141226,G,C,0.239063,-0.0189191,0.00276576,7.90588e-12,359427.1195,-0.01908983014,0.002765995269,5.141518666e-12,6.901613445962838
4,4:96977280:G:C,96977280,C,G,0.4665,-0.0124947,0.0023766,1.46221e-07,355815.9785,-0.01252684752,0.002376711806,1.359316797e-07,5.2706632282366
4,4:98714707:C:A,98714707,A,C,0.0640306,0.0248009,0.00481231,2.55612e-07,360386.9069,0.02493993085,0.004812552833,2.192058184e-07,5.182266401105295
4,4:100409752:A:C,100409752,C,A,0.354983,0.0137764,0.00245829,2.09546e-08,361472.0683,0.01384390313,0.002458411671,1.789198171e-08,5.6312387763635865
4,4:102686240:T:G,102686240,G,T,0.862126,0.0219185,0.00341586,1.39446e-10,360623.9758,0.02208401206,0.00341611665,1.015308722e-10,6.464653969003079
4,4:119313360:T:C,119313360,C,T,0.419527,-0.0132386,0.00238621,2.89214e-08,360712.4253,-0.01324690684,0.00238630895,2.836958169e-08,5.551211983678811
4,4:125902132:T:G,125902132,G,T,0.47647,0.0133408,0.0023584,1.54429e-08,360501.279,0.01335389125,0.002358502938,1.496012165e-08,5.662020188672752
4,4:131085282:A:G,131085282,G,A,0.0361331,0.0498191,0.00630801,2.84793e-15,360890.4016,0.04987062305,0.006308556403,2.6742786870000002e-15,7.905235344536873
4,4:134805451:G:C,134805451,C,G,0.702832,0.0153214,0.00257742,2.77632e-09,360488.0706,0.01541712859,0.002577560953,2.213831146e-09,5.981285746921384
4,4:142710142:T:C,142710142,C,T,0.367983,0.0139277,0.00244149,1.16732e-08,360787.7941,0.01397929366,0.002441609409,1.031646383e-08,5.725442246606283
4,4:152069594:G:C,152069594,C,G,0.212943,-0.0210714,0.00287585,2.35819e-13,360820.1607,-0.02108997594,0.002876060539,2.251597639e-13,7.332938807794684
4,4:155185343:G:C,155185343,C,G,0.293261,0.0219716,0.00258797,2.07561e-17,360278.7958,0.02200172601,0.002588227669,1.884639509e-17,8.500691911117963
4,4:162115870:T:C,162115870,C,T,0.169336,0.0461916,0.00314444,7.727139999999999e-49,359447.4988,0.0452951011,0.003149609904,6.79282798e-47,14.381178139703994
4,4:162293942:C:G,162293942,G,C,0.359473,-0.0160264,0.00245461,6.62556e-11,360526.6384,-0.01420461827,0.002458056342,7.52348818e-09,5.778800927908104
4,4:166311456:C:T,166311456,T,C,0.190026,0.0148839,0.00300025,7.01976e-07,361017.9729,0.01498956668,0.003000358015,5.855410615e-07,4.995926021181843
4,4:174055007:C:T,174055007,T,C,0.209522,0.0162361,0.00289308,2.00103e-08,360810.5354,0.01628425536,0.002893213666,1.81855538e-08,5.6284316472601645
4,4:181117577:T:C,181117577,C,T,0.11719,-0.0201993,0.00366456,3.54875e-08,360013.9282,-0.02025702525,0.003664723891,3.246929486e-08,5.52757202247846
14,14:24383582:A:G,24383582,G,A,0.235344,0.0267644,0.00277861,5.87727e-22,360061.8744,0.0267644,0.002778964117,5.911028575e-22,9.631070741889683
14,14:38197280:C:G,38197280,G,C,0.37666,-0.0132872,0.00243304,4.7336e-08,360001.6402,-0.01325740794,0.002433179917,5.076973972e-08,5.448593360225404
14,14:41432266:T:A,41432266,A,T,0.435625,0.0119308,0.00237406,5.02373e-07,361093.0512,0.01184618558,0.002374189473,6.051371064e-07,4.989570425915202
14,14:43238910:C:A,43238910,A,C,0.535861,0.0190872,0.00236551,7.11269e-16,359488.5123,0.019227404,0.002365757807,4.386818127e-16,8.12737632867928
14,14:46358434:A:T,46358434,T,A,0.351354,0.019809,0.00246757,9.96011e-16,360532.3336,0.01987720165,0.002467825049,7.977665792999999e-16,8.054542463637988
14,14:60952384:T:A,60952384,A,T,0.021972,-0.0422178,0.00803213,1.47208e-07,360909.1319,-0.04232630238,0.00803243788,1.368542411e-07,5.269421688948063
14,14:64273086:C:G,64273086,G,C,0.230334,-0.0294589,0.00280275,7.77895e-26,359211.9994,-0.029445899,0.002803188584,8.241896132e-26,10.504430264902934
14,14:67685437:A:T,67685437,T,A,0.576757,-0.010231,0.00238528,1.79346e-05,360271.4803,-0.01728001402,0.002621778208,4.37015511e-11,6.590951884210642
14,14:67795982:G:T,67795982,T,G,0.279074,-0.0134205,0.00263043,3.36211e-07,359433.408,-0.02179424971,0.00288364587,4.0969145680000003e-14,7.557880090872601
14,14:68469381:G:C,68469381,C,G,0.443697,-0.0134647,0.00237174,1.37069e-08,360364.9647,-0.01275419458,0.002379629148,8.33416049e-08,5.359740441370656
14,14:72048707:C:A,72048707,A,C,0.256779,-0.0194965,0.00269524,4.7097e-13,360892.7222,-0.01959480945,0.002695443256,3.605385253e-13,7.269605622890546
14,14:82091961:A:C,82091961,C,A,0.271979,0.0159238,0.00264779,1.81209e-09,360432.1476,0.01595722804,0.002647953957,1.678093116e-09,6.026248303078028
14,14:87423130:C:A,87423130,A,C,0.510504,0.0174382,0.00235799,1.41314e-13,360093.5004,0.01736969541,0.002358180735,1.76195304e-13,7.365718476196439
14,14:88434882:C:G,88434882,G,C,0.657108,-0.0180086,0.00249061,4.81815e-13,357968.2212,-0.01808277205,0.002490815633,3.877220974e-13,7.259779411381269
14,14:90917600:T:G,90917600,G,T,0.117008,0.0193293,0.00366574,1.34327e-07,360399.6053,0.0193742333,0.003665958972,1.257721816e-07,5.284901835502594
14,14:91459338:A:T,91459338,T,A,0.363509,0.017804,0.00244945,3.64048e-13,360416.9463,0.01791113801,0.002449677985,2.639218442e-13,7.311629577305444
14,14:100793636:G:T,100793636,T,G,0.554516,0.0135008,0.00237343,1.28416e-08,359563.2751,0.01346892046,0.002373552139,1.390262669e-08,5.67458377622772
14,14:105968834:G:A,105968834,A,G,0.735009,-0.0142815,0.00267278,9.13256e-08,359607.5231,-0.01425535715,0.002672886355,9.643337067e-08,5.333319586645875
10,10:43327931:C:G,43327931,G,C,0.139131,0.0244876,0.00340619,6.53182e-13,360048.1719,0.02448610542,0.003406433444,6.565379579e-13,7.188194286645808
10,10:48473117:C:A,48473117,A,C,0.242473,0.0170129,0.00274564,5.7848e-10,361348.9742,0.01700341602,0.002745785009,5.91978679e-10,6.192551843741237
10,10:52668455:G:T,52668455,T,G,0.40761,-0.0124631,0.00239653,1.9888e-07,360803.564,-0.01245586544,0.002396626278,2.022584951e-07,5.1972497983267125
10,10:56292029:C:G,56292029,G,C,0.147679,-0.0285441,0.00333958,1.26569e-17,356391.2436,-0.0286444233,0.003339929447,9.792630458e-18,8.576355804679967
10,10:60297745:T:G,60297745,G,T,0.501505,-0.01853,0.00235764,3.86521e-15,360044.4334,-0.01928891618,0.00235950441,2.9589954909999995e-16,8.174986280275695
10,10:60651442:C:G,60651442,G,C,0.0446128,-0.0345556,0.00570544,1.3916e-09,360628.7131,-0.03553995724,0.005709863572,4.836818914e-10,6.224309353778724
10,10:61694761:T:C,61694761,C,T,0.247671,0.0222991,0.00273055,3.18431e-16,360128.9337,0.0230815928,0.00273573355,3.25373968e-17,8.437076337350177
10,10:61931641:T:A,61931641,A,T,0.386458,0.011123,0.00241814,4.23031e-06,360899.8631,0.0123587818,0.002422275482,3.358391626e-07,5.102137181273752
10,10:63118372:A:T,63118372,T,A,0.477882,-0.0145908,0.00235652,5.9589e-10,361113.6932,-0.01467994287,0.002356890884,4.708608819e-10,6.228520365391681
10,10:64742757:G:T,64742757,T,G,0.032179,-0.0403812,0.00666893,1.4045e-09,361241.5347,-0.04113398118,0.006669820048,6.951858284e-10,6.167180056429613
10,10:66648084:C:G,66648084,G,C,0.175059,0.020847,0.00310281,1.83537e-11,359873.1891,0.02062330644,0.003103279266,3.018827765e-11,6.645649544323028
10,10:67769982:T:A,67769982,A,T,0.498264,-0.0204693,0.00235507,3.5887700000000005e-18,360818.1106,-0.0203756501,0.002355510388,5.140654923e-18,8.650206003676516
10,10:70428130:G:T,70428130,T,G,0.120883,0.02009,0.00362053,2.87651e-08,359193.3022,0.02040773158,0.003620751135,1.737169932e-08,5.636325397437181
10,10:74418157:T:G,74418157,G,T,0.405365,0.0134538,0.00269243,5.82849e-07,286350.8964,0.01356445136,0.002692559913,4.710291175e-07,5.037752844239125
10,10:80054554:A:G,80054554,G,A,0.698117,0.016494,0.00256395,1.25224e-10,361148.5881,0.016586755,0.002564135751,9.8816451e-11,6.468750725670921
10,10:85567528:G:A,85567528,A,G,0.251568,0.019328,0.00271731,1.13814e-12,359893.9079,0.01929677321,0.002717527087,1.239849649e-12,7.100857725507558
10,10:87403650:G:C,87403650,C,G,0.0829241,-0.0225307,0.00426477,1.27176e-07,361751.945,-0.02209174963,0.004265172472,2.224006742e-07,5.179567713856332
10,10:88248446:T:A,88248446,A,T,0.745322,-0.0132847,0.00270549,9.09847e-07,360135.016,-0.01324864773,0.002705701178,9.752529096e-07,4.896567232821007
10,10:89835397:A:T,89835397,T,A,0.413616,0.0143635,0.00239277,1.94058e-09,360327.0615,0.01440145974,0.002392918739,1.761869465e-09,6.018365565568
10,10:96214815:A:T,96214815,T,A,0.787643,-0.0165734,0.00287956,8.64367e-09,360772.5794,-0.01659598619,0.002879722914,8.260747176e-09,5.763049670271157
10,10:101807707:T:G,101807707,G,T,0.0942118,0.0226107,0.0040876,3.17683e-08,350925.6292,0.02239896209,0.004087811621,4.266483927e-08,5.4794506613102065
10,10:103931741:T:A,103931741,A,T,0.585899,-0.0188669,0.00239127,3.03253e-15,360628.8221,-0.0189070683,0.002391501741,2.659201136e-15,7.905939592623529
10,10:106267549:C:T,106267549,T,C,0.398545,0.0423959,0.00240958,2.89257e-69,359239.7358,0.04236990654,0.002410617171,3.737322785e-69,17.57637299265716
10,10:109061876:T:A,109061876,A,T,0.552628,0.0254682,0.00237119,6.61759e-27,359872.0115,0.02540852395,0.002371575745,8.771267188999999e-27,10.713772901231962
10,10:113057347:G:C,113057347,C,G,0.238573,-0.0240122,0.00276404,3.7239100000000004e-18,360489.4314,-0.0241908384,0.002764354293,2.11488013e-18,8.750990588021564
10,10:119255826:A:T,119255826,T,A,0.471767,0.0149937,0.00236027,2.12036e-10,360409.7869,0.01396444679,0.002368389356,3.720161648e-09,5.89617866446787
10,10:119441982:G:T,119441982,T,G,0.0288965,0.0426748,0.00704682,1.39779e-09,359070.8847,0.03926588954,0.007071004094,2.806708803e-08,5.553085391835442
10,10:123807670:A:T,123807670,T,A,0.108745,-0.0224431,0.00378627,3.07886e-09,360118.0205,-0.02254297511,0.003786465656,2.623611669e-09,5.953566507140662
10,10:131704719:A:C,131704719,C,A,0.470517,-0.0128826,0.00235861,4.71258e-08,361032.3869,-0.01290250855,0.00235870655,4.496226786e-08,5.4701626830179455
3,3:7526230:G:A,7526230,A,G,0.62777,0.0142192,0.00243602,5.31782e-09,360810.9551,0.01405459049,0.00243632684,7.985583254e-09,5.768762326650721
3,3:8194501:A:G,8194501,G,A,0.695359,-0.01742,0.00255622,9.45749e-12,361447.0331,-0.01723078121,0.002556576685,1.586194523e-11,6.739786571275879
3,3:10638642:C:T,10638642,T,C,0.343245,-0.0125121,0.00248267,4.66281e-07,360095.8558,-0.0125277098,0.002482760894,4.514422426e-07,5.0458784936863115
3,3:14572205:G:C,14572205,C,G,0.0266378,-0.0428305,0.0073249,5.00204e-09,359647.3308,-0.04284963709,0.007325290935,4.929121837e-09,5.849547474662861
3,3:16943916:T:A,16943916,A,T,0.492043,0.019759,0.00235377,4.69093e-17,361286.385,0.01985549181,0.00235403142,3.321222166e-17,8.43467578270472
3,3:20321878:G:T,20321878,T,G,0.342486,0.0124202,0.00248077,5.54313e-07,361030.0656,0.01257987355,0.002480917228,3.964503845e-07,5.07065427577417
3,3:21458172:A:T,21458172,T,A,0.521744,-0.0116071,0.00235671,8.43396e-07,361023.1019,-0.0116839728,0.00235683225,7.140964027e-07,4.95749020745961
3,3:31921726:G:C,31921726,C,G,0.477537,0.0149619,0.00235948,2.28286e-10,360205.8061,0.01500416094,0.002359614244,2.034224118e-10,6.358734686465133
3,3:33730755:G:A,33730755,A,G,0.429529,-0.0131292,0.00237894,3.41294e-08,360798.4401,-0.01316488405,0.002379042001,3.135606219e-08,5.533691311236334
3,3:41318907:C:G,41318907,G,C,0.153055,-0.023142,0.00327446,1.58116e-12,359958.13,-0.02316391757,0.003274684398,1.509284794e-12,7.0736335947816125
3,3:48730250:A:T,48730250,T,A,0.56753,-0.0156881,0.00255262,7.96075e-10,312841.9322,-0.01587746413,0.002552964657,4.996133075e-10,6.219225983589479
3,3:52047913:A:G,52047913,G,A,0.531533,0.0132865,0.00239419,2.86696e-08,350533.6968,0.01396480052,0.002395771082,5.578130194e-09,5.828937758252814
3,3:52875650:C:G,52875650,G,C,0.566564,-0.0149431,0.00247543,1.57592e-09,332484.6535,-0.01547973176,0.002477004673,4.120976695e-10,6.249375275199572
3,3:55465898:T:C,55465898,C,T,0.19451,0.026398,0.00297449,7.03752e-19,360888.0211,0.02636090892,0.002974829543,7.90743518e-19,8.861317443222662
3,3:55892765:T:A,55892765,A,T,0.460047,-0.0121314,0.00236008,2.74486e-07,361618.8065,-0.0121431979,0.002360175985,2.674649935e-07,5.145039173847877
3,3:61038941:G:A,61038941,A,G,0.0316352,-0.0344513,0.00673975,3.19496e-07,359555.258,-0.03453346433,0.006740003023,2.99665746e-07,5.1236570980986045
3,3:65448674:G:A,65448674,A,G,0.0608938,-0.0273854,0.00493753,2.91852e-08,358880.4951,-0.02729741959,0.004937786783,3.234036646e-08,5.528270212877679
3,3:66093713:A:C,66093713,C,A,0.419478,0.0288528,0.00238906,1.41784e-33,359862.326,0.02884320478,0.0023895588,1.511856095e-33,12.070514766156833
3,3:67500168:A:G,67500168,G,A,0.511288,-0.0195565,0.00235599,1.03797e-16,360699.8085,-0.01954434042,0.002356252126,1.0888449189999999e-16,8.294672800223077
3,3:69190183:A:G,69190183,G,A,0.172888,0.0177754,0.00311558,1.16203e-08,360452.5897,0.01787556449,0.003115759274,9.628550084e-09,5.737145561650345
3,3:73119434:C:G,73119434,G,C,0.0895238,-0.0342114,0.00412748,1.14884e-16,360275.2962,-0.03379369005,0.004128674595,2.7203624789999997e-16,8.185118316402457
3,3:73329170:G:T,73329170,T,G,0.0510405,0.0291907,0.00535919,5.13044e-08,359664.5442,0.02851740978,0.005360451372,1.03787632e-07,5.3199642718445315
3,3:80093003:A:C,80093003,C,A,0.451604,-0.0164213,0.00236609,3.91959e-12,360845.9261,-0.01657465956,0.002366353637,2.482171481e-12,7.0043037105024215
3,3:84108330:G:C,84108330,C,G,0.537203,0.0145702,0.00236336,7.05455e-10,360296.3125,0.01470171415,0.002363567509,4.967203959e-10,6.220137184158593
3,3:87794193:T:C,87794193,C,T,0.119521,-0.0233445,0.00363804,1.39353e-10,359208.3464,-0.02432174861,0.003640548534,2.376538547e-11,6.6807922989772175
3,3:88771713:G:C,88771713,C,G,0.411205,0.0137125,0.00250114,4.19613e-08,330336.4101,0.0141688995,0.002502796988,1.502952944e-08,5.661226047471974
15,15:28320778:A:T,28320778,T,A,0.576689,0.0132511,0.00238325,2.69788e-08,360822.1769,0.01327201262,0.002383360028,2.567732378e-08,5.568614252181291
15,15:30946967:T:G,30946967,G,T,0.183247,0.0179225,0.00304228,3.83881e-09,361162.9126,0.01790906118,0.003042449848,3.947106296e-09,5.886394870821878
15,15:34554420:G:C,34554420,C,G,0.446136,0.0150032,0.00237044,2.46556e-10,360324.867,0.01504971077,0.002370591975,2.174198996e-10,6.348503213000204
15,15:38655576:G:A,38655576,A,G,0.526657,-0.0182682,0.00236006,9.92196e-15,360287.1152,-0.01816076914,0.002360308602,1.423431891e-14,7.694235035457453
15,15:38718534:G:C,38718534,C,G,0.283689,0.0213538,0.00261265,3.0115e-16,360648.2553,0.02126023429,0.002612907799,4.0647053849999995e-16,8.136618635428551
15,15:39151467:G:T,39151467,T,G,0.117496,0.019075,0.00365245,1.76592e-07,361684.4024,0.01891643409,0.003652651484,2.232906671e-07,5.178822609510149
15,15:44474239:T:C,44474239,C,T,0.132927,0.0207673,0.00349427,2.79672e-09,355505.1853,0.02069419488,0.003494451334,3.180196865e-09,5.922015475978009
15,15:46992223:T:C,46992223,C,T,0.170161,-0.0190234,0.00313513,1.29792e-09,360463.6873,-0.01923700472,0.003135328715,8.485849152e-10,6.135562318543049
15,15:50524406:G:A,50524406,A,G,0.303091,-0.014666,0.00256501,1.08042e-08,360001.3937,-0.01471296099,0.002565141518,9.709282335e-09,5.735730713785904
15,15:56059977:T:C,56059977,C,T,0.630885,0.0189999,0.00244137,7.1305e-15,360428.2142,0.01866421759,0.002447462547,2.422509458e-14,7.6259461509953805
15,15:56592965:A:T,56592965,T,A,0.224293,-0.0273242,0.00282504,3.98505e-22,360242.9231,-0.01929204963,0.003045202105,2.369905567e-10,6.335227996304042
15,15:56613662:C:T,56613662,T,C,0.0384819,-0.0552677,0.00612835,1.91816e-19,359974.4318,-0.04040895915,0.006598816977,9.144579243e-10,6.12366721047793
15,15:58120355:C:T,58120355,T,C,0.27824,-0.0653438,0.00262528,1.2407399999999999e-136,360879.5756,-0.06520760228,0.002627626869,6.000436342e-136,24.81615751813961
15,15:58675826:G:T,58675826,T,G,0.0776867,-0.0232325,0.00439718,1.26815e-07,361130.0697,-0.02256031352,0.004397541608,2.894185647e-07,5.130210360934009
15,15:61077752:T:A,61077752,A,T,0.618161,0.0117505,0.00242276,1.23487e-06,361110.3114,0.0118998043,0.002422867642,9.040324416e-07,4.911454548205155
15,15:63565888:G:T,63565888,T,G,0.080596,0.0274861,0.00433365,2.26366e-10,359496.5459,0.02751611041,0.004333968738,2.168026107e-10,6.348940676184452
15,15:67489524:C:A,67489524,A,C,0.489908,0.0117868,0.00235974,5.88745e-07,359541.786,0.01166013213,0.002359883589,7.773180893e-07,4.940977675488213
15,15:68365759:T:C,68365759,C,T,0.199846,-0.0166132,0.00294558,1.70139e-08,360596.7939,-0.01640836885,0.002945771706,2.545307386e-08,5.570142729179978
15,15:68639070:C:G,68639070,G,C,0.348019,-0.0163454,0.00247636,4.10065e-11,359544.6098,-0.01613285765,0.002476697926,7.324492845e-11,6.513857616885653
15,15:69368558:A:T,69368558,T,A,0.358169,-0.0196238,0.00245609,1.35498e-15,360742.0518,-0.01931032363,0.002456503794,3.813919096e-15,7.860897132406383
15,15:74446353:G:T,74446353,T,G,0.485489,0.0116806,0.00235694,7.20515e-07,360553.8701,0.0116716158,0.00235704201,7.352772182e-07,4.951806438104173
15,15:79025680:C:A,79025680,A,C,0.229256,-0.0153773,0.00280116,4.0312e-08,360850.9824,-0.0153385865,0.002801319273,4.363106612e-08,5.475486727927852
15,15:81445364:T:C,81445364,C,T,0.0930436,0.023909,0.00404863,3.51991e-09,361692.8193,0.02390722089,0.004048880052,3.533955197e-09,5.904650318843281
15,15:83090504:A:C,83090504,C,A,0.0487042,0.0266207,0.00547977,1.18628e-06,359613.2665,0.02683886486,0.005479969057,9.699909952e-07,4.8976307312751315
15,15:89189865:G:C,89189865,C,G,0.127835,0.0391248,0.00352293,1.18909e-28,361464.9834,0.03911222624,0.003523555954,1.25143445e-28,11.100214314916482
15,15:92117871:C:A,92117871,A,C,0.189155,0.0316955,0.00300665,5.592650000000001e-26,360757.7539,0.03169207502,0.003007120155,5.709563509e-26,10.539011873970164
15,15:93525163:T:G,93525163,G,T,0.264731,-0.0174882,0.00267389,6.14537e-11,359485.2327,-0.0176074611,0.002674082904,4.564621297e-11,6.584485871272748
15,15:98436105:T:C,98436105,C,T,0.392637,-0.0140706,0.002412,5.42997e-09,360608.2949,-0.01413050009,0.002412128912,4.681837024e-09,5.85810319660063
15,15:100937436:T:G,100937436,G,T,0.397012,-0.0201026,0.00240719,6.78767e-17,360623.3407,-0.02003464275,0.00240742972,8.648748245e-17,8.322005242171722
4,4:4051635:T:A,4051635,A,T,0.558574,-0.0131987,0.00237412,2.70845e-08,360224.2862,-0.01316742919,0.002374221182,2.922798701e-08,5.545999374375054
4,4:10650549:G:C,10650549,C,G,0.6744,0.0167448,0.0026188,1.61731e-10,332425.46,0.01668483323,0.002618963775,1.880733805e-10,6.370776636648974
4,4:11740607:G:A,11740607,A,G,0.10703,-0.0245466,0.00380933,1.16662e-10,360964.6427,-0.02451891965,0.003809548845,1.22522483e-10,6.436174110795526
4,4:15132784:G:T,15132784,T,G,0.0937928,0.0214447,0.00403728,1.0868e-07,361364.5526,0.02144568884,0.004037449081,1.086116356e-07,5.311692707388475
4,4:20491886:A:C,20491886,C,A,0.308045,0.0113737,0.00255519,8.54129e-06,359742.6076,0.01261821908,0.002556752531,8.004717072e-07,4.9352524059357235
4,4:21009390:T:C,21009390,C,T,0.500841,0.0355949,0.00235938,2.0593099999999997e-51,359538.0036,0.03596899694,0.002361500282,2.1879552260000002e-52,15.231417592521803
4,4:23316972:A:T,23316972,T,A,0.08696,0.0230578,0.00417727,3.39561e-08,361345.9226,0.0230010867,0.004177488612,3.671611471e-08,5.505960359515637
4,4:32791590:A:T,32791590,T,A,0.173909,0.0198414,0.00311203,1.82313e-10,359805.3777,0.01991823058,0.003112228405,1.553871571e-10,6.399989971173084
4,4:40423907:T:C,40423907,C,T,0.397039,0.0128637,0.00241069,9.50206e-08,359844.3792,0.01284370204,0.002410783433,9.951621365e-08,5.327605069866099
4,4:41567485:A:C,41567485,C,A,0.701842,0.015974,0.00258904,6.84242e-10,356898.3663,0.0159694249,0.002589176293,6.926299325e-10,6.167762675401571
8,8:56958732:G:A,56958732,A,G,0.192496,0.021394,0.00298393,7.52776e-13,361503.1649,0.02144671029,0.002984149748,6.629120066e-13,7.186874688300663
8,8:64004265:G:A,64004265,A,G,0.19239,-0.0186452,0.002994,4.74434e-10,359238.4878,-0.01886488902,0.002994214057,2.967871723e-10,6.30044768372417
8,8:67683688:A:T,67683688,T,A,0.14254,-0.0200231,0.00337282,2.91264e-09,359863.6915,-0.02019048262,0.003373029926,2.152503597e-09,5.985859320241323
8,8:71536174:A:G,71536174,G,A,0.413064,0.0137504,0.00239254,9.07934e-09,360538.143,0.01372156102,0.002392750832,9.772054919e-09,5.734638490766179
8,8:71734156:C:A,71734156,A,C,0.188346,-0.0161975,0.00300855,7.29637e-08,361610.3867,-0.01609480569,0.003008815456,8.833575274e-08,5.3492166353721355
8,8:80254672:A:T,80254672,T,A,0.508591,0.0246422,0.00235672,1.38499e-25,360377.796,0.02463193428,0.002357080906,1.462378858e-25,10.450186167686855
8,8:81700555:C:G,81700555,G,C,0.0787452,0.0285506,0.00437045,6.4705e-11,361085.4753,0.02857715825,0.004370702939,6.220382451e-11,6.538343751300185
8,8:96124416:G:A,96124416,A,G,0.346996,0.0133952,0.00247321,6.09424e-08,361010.5761,0.0133952,0.002473307055,6.097892845e-08,5.415906598786619
8,8:111944928:C:G,111944928,G,C,0.449069,0.0169757,0.00293161,7.02046e-09,235306.3223,0.01702528737,0.002931817172,6.357299526e-09,5.807076762015773
8,8:116638432:G:C,116638432,C,G,0.526578,0.0183863,0.00236207,7.04542e-15,359706.0087,0.01833052303,0.002362290501,8.517103861e-15,7.759639647300093
8,8:121909064:G:C,121909064,C,G,0.148282,0.0254002,0.00331317,1.77275e-14,360890.198,0.02532694088,0.003313473206,2.1119275350000002e-14,7.643623263389684
8,8:123768349:C:T,123768349,T,C,0.446269,-0.01328,0.00236903,2.07576e-08,360780.4602,-0.01318088549,0.002369202577,2.645276105e-08,5.5634269597538095
8,8:124993796:G:T,124993796,T,G,0.178057,-0.0159922,0.00307976,2.0741e-07,360454.5607,-0.01588409068,0.0030798946,2.504709753e-07,5.15734878719551
8,8:129107595:C:T,129107595,T,C,0.422664,-0.0140923,0.00238955,3.69445e-09,359103.232,-0.01368055706,0.002389779542,1.036713122e-08,5.7246105004944425
8,8:130325972:T:G,130325972,G,T,0.629507,-0.0377398,0.00244422,9.104940000000001e-54,358895.4581,-0.03756396499,0.002445123104,2.9069063079999997e-53,15.362811356429765
8,8:133817108:G:T,133817108,T,G,0.833974,-0.0232895,0.00316806,1.96673e-13,360028.5292,-0.02317472202,0.003168312701,2.582815472e-13,7.31453117385966
8,8:135104849:A:C,135104849,C,A,0.253421,-0.0134142,0.00270528,7.10651e-07,361364.2185,-0.01330860098,0.002705395463,8.686261455e-07,4.919281177932544
8,8:138056431:C:A,138056431,A,C,0.0166389,-0.0519064,0.00921033,1.74507e-08,360488.3486,-0.05157375748,0.009210742294,2.152125811e-08,5.5993052279397535
8,8:140860891:G:A,140860891,A,G,0.279669,-0.0159288,0.00262514,1.29818e-09,360405.8025,-0.01596344332,0.002625275047,1.196779446e-09,6.0806746090250705
12,12:387443:C:G,387443,G,C,0.378855,-0.0228631,0.00242514,4.22192e-21,361647.2003,-0.02290332625,0.002425448381,3.625168281e-21,9.442924627634037
12,12:2943332:C:T,2943332,T,C,0.389463,0.0124615,0.0024168,2.52156e-07,360445.6822,0.01247856563,0.002416909425,2.429896798e-07,5.163025763780949
12,12:4419929:G:T,4419929,T,G,0.305709,0.01741,0.00255564,9.61433e-12,361099.2191,0.01738153861,0.002555808807,1.040414485e-11,6.800797681890138
12,12:5373699:A:T,5373699,T,A,0.480998,-0.0171828,0.00236057,3.3675e-13,359849.9681,-0.01706540884,0.002360766482,4.874322466e-13,7.228757681082665
12,12:12083420:T:A,12083420,A,T,0.0150628,-0.0480661,0.009674,6.74735e-07,360558.1579,-0.04780332553,0.009674381001,7.763192782e-07,4.941228335441696
12,12:13155396:T:A,13155396,A,T,0.46404,-0.0131307,0.00236323,2.75784e-08,360408.0638,-0.0131507375,0.002363331526,2.629183805e-08,5.564491208839399
12,12:22913636:G:T,22913636,T,G,0.45991,0.0154651,0.00236346,6.02096e-11,360781.6469,0.01550058323,0.002363612835,5.453262192e-11,6.558004339995895
12,12:26648313:T:A,26648313,A,T,0.022527,-0.0459379,0.00795625,7.75632e-09,359142.0024,-0.04572775746,0.007956643513,9.077816987e-09,5.747116530392179
12,12:29859057:T:G,29859057,G,T,0.261024,0.0164126,0.00268317,9.55347e-10,360478.4012,0.01642394168,0.002683322491,9.313690326e-10,6.120748339078414
19,19:3283409:G:A,3283409,A,G,0.0391201,0.0599606,0.00606792,5.03793e-23,361746.5782,0.0599606,0.006068730509,5.0704131300000004e-23,9.8802541834866
19,19:15638015:C:A,15638015,A,C,0.191849,0.0252456,0.00298832,2.97162e-17,361641.6526,0.02517709545,0.002988621088,3.6285648929999996e-17,8.42431834235923
19,19:24065503:G:C,24065503,C,G,0.0414648,0.0519765,0.00595486,2.59335e-18,355260.1933,0.05184439491,0.005955510738,3.167886983e-18,8.705281073409761
6,6:5434158:A:G,5434158,G,A,0.112339,0.0205938,0.00373363,3.4751e-08,360070.4206,0.0205938,0.003733782546,3.477249348e-08,5.5155327730754244
6,6:25001110:G:T,25001110,T,G,0.512953,0.0126306,0.00235719,8.40461e-08,360572.149,0.01421578489,0.002370842577,2.02125334e-09,5.996089756405619
6,6:25061683:C:T,25061683,T,C,0.394645,-0.0136308,0.00241162,1.586e-08,360239.5423,-0.01518422613,0.002425598805,3.850002586e-10,6.259990769578237
6,6:37630636:A:T,37630636,T,A,0.408904,0.0135239,0.00239368,1.60707e-08,361421.9013,0.01345084038,0.002393818684,1.920783033e-08,5.6189888022446395
6,6:38995879:C:A,38995879,A,C,0.0761786,0.0254477,0.00444026,9.98512e-09,360733.9654,0.02499345927,0.00444087139,1.822551607e-08,5.628052937151148
6,6:39327449:C:G,39327449,G,C,0.0435986,-0.037275,0.00576266,9.91901e-11,361455.9466,-0.03670627726,0.005763588966,1.906999937e-10,6.3686493739463526
6,6:41050134:G:T,41050134,T,G,0.79259,-0.0187067,0.00290714,1.23846e-10,360250.2574,-0.01861264896,0.002907330329,1.533822497e-10,6.40197254998608
6,6:45231905:T:A,45231905,A,T,0.031699,-0.0438283,0.00673665,7.73094e-11,359310.0141,-0.044200075,0.006737127641,5.356634453e-11,6.560670563967425
6,6:49371364:T:A,49371364,A,T,0.340703,0.0128854,0.00249325,2.36603e-07,358462.1634,0.01329781806,0.002494192428,9.739812608e-08,5.331512481041017
6,6:49844175:T:G,49844175,G,T,0.338406,-0.0145351,0.00249262,5.50577e-09,359816.9229,-0.01484308017,0.002493563851,2.639856556e-09,5.952556684701474
22,22:17966215:G:A,17966215,A,G,0.0153362,-0.0753966,0.00962041,4.62102e-15,358159.385,-0.07521152532,0.009621237676,5.399404115e-15,7.817240136122378
22,22:18286776:A:T,18286776,T,A,0.253525,0.0210639,0.00271371,8.38095e-15,359176.5119,0.02101807176,0.002713937583,9.596366309e-15,7.7444934222719
22,22:22150933:A:T,22150933,T,A,0.146624,-0.0171199,0.00333055,2.74478e-07,360690.3134,-0.01715589078,0.003330683805,2.592927052e-07,5.150861439997905
22,22:27016839:C:A,27016839,A,C,0.554609,-0.0127781,0.00237167,7.13735e-08,360306.2861,-0.01279525488,0.002371776759,6.860094753e-08,5.394797310264057
22,22:34161801:G:T,34161801,T,G,0.280307,-0.0134324,0.00261982,2.94221e-07,361566.3369,-0.01340783871,0.002619918207,3.093570563e-07,5.117655457401842
22,22:38495977:G:A,38495977,A,G,0.805398,-0.0167281,0.00297646,1.9097e-08,360535.2254,-0.01682900477,0.002976622409,1.570072711e-08,5.653725080855561
22,22:40521078:T:C,40521078,C,T,0.898514,0.0201494,0.00390225,2.42474e-07,360537.4799,0.02018326906,0.003902422451,2.316206029e-07,5.171984661688285
22,22:45069282:A:G,45069282,G,A,0.0236424,-0.0477108,0.00775025,7.46668e-10,361049.0584,-0.04773070168,0.007750741256,7.357119511e-10,6.158211208902211
22,22:47287145:A:G,47287145,G,A,0.703303,0.0179311,0.00258054,3.69632e-12,360253.8904,0.01784536602,0.002580733435,4.683824516e-12,6.914842803204896
22,22:49925548:A:T,49925548,T,A,0.503205,0.013123,0.00236181,2.75686e-08,358999.8582,0.01310985501,0.002361910121,2.848034343e-08,5.550530857816668
